Year,RoundNumber,EventName,Feature,ImportanceMean,ImportanceStd,FoldMAE,CalculationSeconds
2019,21,Abu Dhabi Grand Prix,DriverNumber,-0.043867430828819165,0.008010311924960553,1.0433777577484828,5.764687299961224
2019,21,Abu Dhabi Grand Prix,Driver,0.0,0.0,1.0433777577484828,5.764687299961224
2019,21,Abu Dhabi Grand Prix,Team,-0.0003533383988713427,0.0018183088846915041,1.0433777577484828,5.764687299961224
2019,21,Abu Dhabi Grand Prix,Circuit,0.0,0.0,1.0433777577484828,5.764687299961224
2019,21,Abu Dhabi Grand Prix,Country,0.0,0.0,1.0433777577484828,5.764687299961224
2019,21,Abu Dhabi Grand Prix,EventFormat,0.0,0.0,1.0433777577484828,5.764687299961224
2019,21,Abu Dhabi Grand Prix,LapNumber,0.00033069827979866534,0.0009655468988324273,1.0433777577484828,5.764687299961224
2019,21,Abu Dhabi Grand Prix,TotalRaceLaps,0.0,0.0,1.0433777577484828,5.764687299961224
2019,21,Abu Dhabi Grand Prix,RaceProgress,0.022210250472584365,0.007702246077028589,1.0433777577484828,5.764687299961224
2019,21,Abu Dhabi Grand Prix,Position,0.2518191700746704,0.02693596352045738,1.0433777577484828,5.764687299961224
2019,21,Abu Dhabi Grand Prix,GridPosition,-0.0034045693860909054,0.000983267599153392,1.0433777577484828,5.764687299961224
2019,21,Abu Dhabi Grand Prix,QualifyingPosition,-0.0010024626402975745,0.0011246198186878717,1.0433777577484828,5.764687299961224
2019,21,Abu Dhabi Grand Prix,QualifyingDeltaToPoleSeconds,-0.002236075190718445,0.005924388028172313,1.0433777577484828,5.764687299961224
2019,21,Abu Dhabi Grand Prix,DriverSeasonAvgFinish,-0.00309792492276569,0.001393518311068516,1.0433777577484828,5.764687299961224
2019,21,Abu Dhabi Grand Prix,DriverSeasonMedianFinish,0.003444886781316233,0.0017561971706070913,1.0433777577484828,5.764687299961224
2019,21,Abu Dhabi Grand Prix,DriverRecent3AvgFinish,-0.0022979367210424297,0.0011878806084653051,1.0433777577484828,5.764687299961224
2019,21,Abu Dhabi Grand Prix,DriverSeasonBestFinish,0.0006232377886324544,0.00046638845511065585,1.0433777577484828,5.764687299961224
2019,21,Abu Dhabi Grand Prix,DriverSeasonDNFRate,-0.004301219647413849,0.00043348063733716853,1.0433777577484828,5.764687299961224
2019,21,Abu Dhabi Grand Prix,DriverSeasonAvgPositionGain,-0.004491460440618766,0.0035722399589953034,1.0433777577484828,5.764687299961224
2019,21,Abu Dhabi Grand Prix,DriverCircuitAvgFinish,0.0,0.0,1.0433777577484828,5.764687299961224
2019,21,Abu Dhabi Grand Prix,DriverCircuitLastFinish,0.0,0.0,1.0433777577484828,5.764687299961224
2019,21,Abu Dhabi Grand Prix,DriverCircuitBestFinish,0.0,0.0,1.0433777577484828,5.764687299961224
2019,21,Abu Dhabi Grand Prix,DriverCircuitAvgPositionGain,0.0,0.0,1.0433777577484828,5.764687299961224
2019,21,Abu Dhabi Grand Prix,DriverCircuitAvgQualifyingPosition,0.0,0.0,1.0433777577484828,5.764687299961224
2019,21,Abu Dhabi Grand Prix,DriverCircuitStarts,0.0,0.0,1.0433777577484828,5.764687299961224
2019,21,Abu Dhabi Grand Prix,TeamSeasonAvgFinish,0.0035699413035671737,0.0013149782307215606,1.0433777577484828,5.764687299961224
2019,21,Abu Dhabi Grand Prix,TeamRecent3AvgFinish,0.001267050514885663,0.0012617393265369715,1.0433777577484828,5.764687299961224
2019,21,Abu Dhabi Grand Prix,TeamSeasonDNFRate,-0.00080462334742711,0.0004761259060604292,1.0433777577484828,5.764687299961224
2019,21,Abu Dhabi Grand Prix,TeamCircuitAvgFinish,0.0,0.0,1.0433777577484828,5.764687299961224
2019,21,Abu Dhabi Grand Prix,TeamCircuitAvgQualifyingPosition,0.0,0.0,1.0433777577484828,5.764687299961224
2019,21,Abu Dhabi Grand Prix,Stint,-0.0006852732947139802,0.031813957583759496,1.0433777577484828,5.764687299961224
2019,21,Abu Dhabi Grand Prix,Compound,-0.0004742542976659732,0.001129389227957515,1.0433777577484828,5.764687299961224
2019,21,Abu Dhabi Grand Prix,FreshTyre,0.008236283710423287,0.0036065156668471706,1.0433777577484828,5.764687299961224
2019,21,Abu Dhabi Grand Prix,TyreLife,-0.012123874157061362,0.010493841639589576,1.0433777577484828,5.764687299961224
2019,21,Abu Dhabi Grand Prix,TrackStatus,0.0,0.0,1.0433777577484828,5.764687299961224
2019,21,Abu Dhabi Grand Prix,PitThisLap,0.002395927523604883,0.0032561780430861555,1.0433777577484828,5.764687299961224
2019,21,Abu Dhabi Grand Prix,SafetyCarThisLap,0.0,0.0,1.0433777577484828,5.764687299961224
2019,21,Abu Dhabi Grand Prix,PitLapsLast5,-0.0034614935299384086,0.0011174009207609785,1.0433777577484828,5.764687299961224
2019,21,Abu Dhabi Grand Prix,SafetyCarLapsLast5,0.0,0.0,1.0433777577484828,5.764687299961224
2019,21,Abu Dhabi Grand Prix,CompoundChangedLast5,0.0,0.0,1.0433777577484828,5.764687299961224
2019,21,Abu Dhabi Grand Prix,LapTimeSeconds_lag0,0.002578555606199314,0.00030321300979411326,1.0433777577484828,5.764687299961224
2019,21,Abu Dhabi Grand Prix,LapTimeSeconds_lag1,0.0023809022626474587,0.0027772393240779202,1.0433777577484828,5.764687299961224
2019,21,Abu Dhabi Grand Prix,LapTimeSeconds_lag2,0.0006576259314492461,0.000768958330222823,1.0433777577484828,5.764687299961224
2019,21,Abu Dhabi Grand Prix,LapTimeSeconds_lag3,-0.0002036999905360067,0.00019100109488222067,1.0433777577484828,5.764687299961224
2019,21,Abu Dhabi Grand Prix,LapTimeSeconds_lag4,0.0007171972096023568,8.03558356095849e-05,1.0433777577484828,5.764687299961224
2019,21,Abu Dhabi Grand Prix,Sector1Seconds_lag0,-0.0003321292091413852,0.00030280659205153803,1.0433777577484828,5.764687299961224
2019,21,Abu Dhabi Grand Prix,Sector1Seconds_lag1,0.00022322175312846268,0.00031568323069097075,1.0433777577484828,5.764687299961224
2019,21,Abu Dhabi Grand Prix,Sector1Seconds_lag2,0.0008559761350819262,0.000554125807423656,1.0433777577484828,5.764687299961224
2019,21,Abu Dhabi Grand Prix,Sector1Seconds_lag3,0.0004721671149630809,0.00032039193867526534,1.0433777577484828,5.764687299961224
2019,21,Abu Dhabi Grand Prix,Sector1Seconds_lag4,0.0003759594784492985,0.000814324159896541,1.0433777577484828,5.764687299961224
2019,21,Abu Dhabi Grand Prix,Sector2Seconds_lag0,-0.0023826135123712344,0.00028738174506013237,1.0433777577484828,5.764687299961224
2019,21,Abu Dhabi Grand Prix,Sector2Seconds_lag1,0.0,0.0,1.0433777577484828,5.764687299961224
2019,21,Abu Dhabi Grand Prix,Sector2Seconds_lag2,6.517788742662252e-05,0.0006221562920640922,1.0433777577484828,5.764687299961224
2019,21,Abu Dhabi Grand Prix,Sector2Seconds_lag3,-0.00020176717994080384,0.00027008794609055384,1.0433777577484828,5.764687299961224
2019,21,Abu Dhabi Grand Prix,Sector2Seconds_lag4,-0.0015522991892760925,0.00046808874081396255,1.0433777577484828,5.764687299961224
2019,21,Abu Dhabi Grand Prix,Sector3Seconds_lag0,0.0,0.0,1.0433777577484828,5.764687299961224
2019,21,Abu Dhabi Grand Prix,Sector3Seconds_lag1,0.0,0.0,1.0433777577484828,5.764687299961224
2019,21,Abu Dhabi Grand Prix,Sector3Seconds_lag2,9.997487680683352e-05,2.672160748976075e-05,1.0433777577484828,5.764687299961224
2019,21,Abu Dhabi Grand Prix,Sector3Seconds_lag3,-0.00011080344863419651,0.0003723665615405428,1.0433777577484828,5.764687299961224
2019,21,Abu Dhabi Grand Prix,Sector3Seconds_lag4,-0.0005913199739941236,0.0004164647236306945,1.0433777577484828,5.764687299961224
2019,21,Abu Dhabi Grand Prix,Position_lag0,0.0,0.0,1.0433777577484828,5.764687299961224
2019,21,Abu Dhabi Grand Prix,Position_lag1,0.019677026077386268,0.0007178286335467319,1.0433777577484828,5.764687299961224
2019,21,Abu Dhabi Grand Prix,Position_lag2,-9.801351183432357e-05,0.0008270360642850162,1.0433777577484828,5.764687299961224
2019,21,Abu Dhabi Grand Prix,Position_lag3,-0.004029729110819706,0.001786580345283691,1.0433777577484828,5.764687299961224
2019,21,Abu Dhabi Grand Prix,Position_lag4,0.0035242455289087684,0.0015672482625587202,1.0433777577484828,5.764687299961224
2019,21,Abu Dhabi Grand Prix,TyreLife_lag0,0.0,0.0,1.0433777577484828,5.764687299961224
2019,21,Abu Dhabi Grand Prix,TyreLife_lag1,8.387677143824786e-05,0.00031383814143049165,1.0433777577484828,5.764687299961224
2019,21,Abu Dhabi Grand Prix,TyreLife_lag2,0.0007235361236741511,0.0009365715476963031,1.0433777577484828,5.764687299961224
2019,21,Abu Dhabi Grand Prix,TyreLife_lag3,0.00010180924109678043,0.001183089296548309,1.0433777577484828,5.764687299961224
2019,21,Abu Dhabi Grand Prix,TyreLife_lag4,-0.0022256339003068337,0.0023850160038612236,1.0433777577484828,5.764687299961224
2019,21,Abu Dhabi Grand Prix,DRSActivePct_lag0,0.0004452123079243808,0.0003797156510680418,1.0433777577484828,5.764687299961224
2019,21,Abu Dhabi Grand Prix,DRSActivePct_lag1,-0.0016036114391596208,0.0016043335380950755,1.0433777577484828,5.764687299961224
2019,21,Abu Dhabi Grand Prix,DRSActivePct_lag2,0.0006059926846729476,0.0007569203835054029,1.0433777577484828,5.764687299961224
2019,21,Abu Dhabi Grand Prix,DRSActivePct_lag3,2.461280321345664e-05,0.00019115988305743058,1.0433777577484828,5.764687299961224
2019,21,Abu Dhabi Grand Prix,DRSActivePct_lag4,-0.001035934289367842,0.0005642693345304792,1.0433777577484828,5.764687299961224
2019,21,Abu Dhabi Grand Prix,GapToLeaderSeconds_lag0,0.0031313217562723614,0.00040457472297185685,1.0433777577484828,5.764687299961224
2019,21,Abu Dhabi Grand Prix,GapToLeaderSeconds_lag1,0.0007016248837910707,0.000664655816238685,1.0433777577484828,5.764687299961224
2019,21,Abu Dhabi Grand Prix,GapToLeaderSeconds_lag2,-7.35034635058381e-05,0.0012538578302567311,1.0433777577484828,5.764687299961224
2019,21,Abu Dhabi Grand Prix,GapToLeaderSeconds_lag3,-0.0020835512153859113,0.001770007999643655,1.0433777577484828,5.764687299961224
2019,21,Abu Dhabi Grand Prix,GapToLeaderSeconds_lag4,0.0008694447783738438,0.0009029903417153718,1.0433777577484828,5.764687299961224
2019,21,Abu Dhabi Grand Prix,GapToCarAheadSeconds_lag0,0.05716808366849239,0.007609163914386697,1.0433777577484828,5.764687299961224
2019,21,Abu Dhabi Grand Prix,GapToCarAheadSeconds_lag1,0.006855892816908756,0.009622997834722879,1.0433777577484828,5.764687299961224
2019,21,Abu Dhabi Grand Prix,GapToCarAheadSeconds_lag2,-0.0002867602671563496,0.0005627078863166131,1.0433777577484828,5.764687299961224
2019,21,Abu Dhabi Grand Prix,GapToCarAheadSeconds_lag3,-0.00020462510104057863,0.0017123976491795756,1.0433777577484828,5.764687299961224
2019,21,Abu Dhabi Grand Prix,GapToCarAheadSeconds_lag4,0.0012269848336841822,0.0023277686842323795,1.0433777577484828,5.764687299961224
2019,21,Abu Dhabi Grand Prix,GapToCarBehindSeconds_lag0,0.016620970378847133,0.017315797099762727,1.0433777577484828,5.764687299961224
2019,21,Abu Dhabi Grand Prix,GapToCarBehindSeconds_lag1,0.003111110369157825,0.0003105079529099925,1.0433777577484828,5.764687299961224
2019,21,Abu Dhabi Grand Prix,GapToCarBehindSeconds_lag2,0.001751085751857821,0.0003364567526844416,1.0433777577484828,5.764687299961224
2019,21,Abu Dhabi Grand Prix,GapToCarBehindSeconds_lag3,-0.002051709865391086,0.0028288076048305854,1.0433777577484828,5.764687299961224
2019,21,Abu Dhabi Grand Prix,GapToCarBehindSeconds_lag4,0.0004188041599113568,0.004216055199972362,1.0433777577484828,5.764687299961224
2019,21,Abu Dhabi Grand Prix,PaceToFieldSeconds_lag0,0.038853943236243506,0.004186024426520429,1.0433777577484828,5.764687299961224
2019,21,Abu Dhabi Grand Prix,PaceToFieldSeconds_lag1,-0.002209270903959615,0.0017987367313985084,1.0433777577484828,5.764687299961224
2019,21,Abu Dhabi Grand Prix,PaceToFieldSeconds_lag2,0.0024743532823724803,0.0007521168137911366,1.0433777577484828,5.764687299961224
2019,21,Abu Dhabi Grand Prix,PaceToFieldSeconds_lag3,-0.022420136501539362,0.0034180583518378495,1.0433777577484828,5.764687299961224
2019,21,Abu Dhabi Grand Prix,PaceToFieldSeconds_lag4,-0.0010228958160386121,0.0028728753677962626,1.0433777577484828,5.764687299961224
2019,21,Abu Dhabi Grand Prix,PaceToTeammateSeconds_lag0,-0.0025930603973035224,0.001805633779475407,1.0433777577484828,5.764687299961224
2019,21,Abu Dhabi Grand Prix,PaceToTeammateSeconds_lag1,0.001983067470922325,0.0027533349290697878,1.0433777577484828,5.764687299961224
2019,21,Abu Dhabi Grand Prix,PaceToTeammateSeconds_lag2,0.00618058224322704,0.003008228522687765,1.0433777577484828,5.764687299961224
2019,21,Abu Dhabi Grand Prix,PaceToTeammateSeconds_lag3,-0.004935028831526633,0.0023950729358099467,1.0433777577484828,5.764687299961224
2019,21,Abu Dhabi Grand Prix,PaceToTeammateSeconds_lag4,-0.0007566507704042102,0.0014158686174996677,1.0433777577484828,5.764687299961224
2019,21,Abu Dhabi Grand Prix,AirTemp_lag0,0.0005421186246820456,0.00038333575572019937,1.0433777577484828,5.764687299961224
2019,21,Abu Dhabi Grand Prix,AirTemp_lag1,0.0,0.0,1.0433777577484828,5.764687299961224
2019,21,Abu Dhabi Grand Prix,AirTemp_lag2,0.0,0.0,1.0433777577484828,5.764687299961224
2019,21,Abu Dhabi Grand Prix,AirTemp_lag3,-0.0008037501460430955,0.0007060041794563884,1.0433777577484828,5.764687299961224
2019,21,Abu Dhabi Grand Prix,AirTemp_lag4,0.0,0.0,1.0433777577484828,5.764687299961224
2019,21,Abu Dhabi Grand Prix,TrackTemp_lag0,0.0,0.0,1.0433777577484828,5.764687299961224
2019,21,Abu Dhabi Grand Prix,TrackTemp_lag1,0.0,0.0,1.0433777577484828,5.764687299961224
2019,21,Abu Dhabi Grand Prix,TrackTemp_lag2,-0.0003624617636649082,0.0009868954444144853,1.0433777577484828,5.764687299961224
2019,21,Abu Dhabi Grand Prix,TrackTemp_lag3,0.0,0.0,1.0433777577484828,5.764687299961224
2019,21,Abu Dhabi Grand Prix,TrackTemp_lag4,0.0,0.0,1.0433777577484828,5.764687299961224
2019,21,Abu Dhabi Grand Prix,Rainfall_lag0,0.0,0.0,1.0433777577484828,5.764687299961224
2019,21,Abu Dhabi Grand Prix,Rainfall_lag1,0.0,0.0,1.0433777577484828,5.764687299961224
2019,21,Abu Dhabi Grand Prix,Rainfall_lag2,0.0,0.0,1.0433777577484828,5.764687299961224
2019,21,Abu Dhabi Grand Prix,Rainfall_lag3,0.0,0.0,1.0433777577484828,5.764687299961224
2019,21,Abu Dhabi Grand Prix,Rainfall_lag4,0.0,0.0,1.0433777577484828,5.764687299961224
2019,21,Abu Dhabi Grand Prix,LapTimeSeconds_mean5,0.0004566040500108374,0.0007295145765591164,1.0433777577484828,5.764687299961224
2019,21,Abu Dhabi Grand Prix,LapTimeSeconds_std5,-0.0016591617369083138,0.0021428621650793115,1.0433777577484828,5.764687299961224
2019,21,Abu Dhabi Grand Prix,LapTimeSeconds_trend5,-0.003063707929044831,0.0007003911540144009,1.0433777577484828,5.764687299961224
2019,21,Abu Dhabi Grand Prix,Sector1Seconds_mean5,0.0005324221140929897,0.0002603739046473119,1.0433777577484828,5.764687299961224
2019,21,Abu Dhabi Grand Prix,Sector1Seconds_std5,-0.004246935328851824,0.003243259101441139,1.0433777577484828,5.764687299961224
2019,21,Abu Dhabi Grand Prix,Sector1Seconds_trend5,-0.0015050430165899353,0.0016899629853953423,1.0433777577484828,5.764687299961224
2019,21,Abu Dhabi Grand Prix,Sector2Seconds_mean5,-0.00018875969934121586,0.00013564444988147642,1.0433777577484828,5.764687299961224
2019,21,Abu Dhabi Grand Prix,Sector2Seconds_std5,0.002198723009614397,0.0007495826967277884,1.0433777577484828,5.764687299961224
2019,21,Abu Dhabi Grand Prix,Sector2Seconds_trend5,-0.002208370363834774,0.0011659232988854267,1.0433777577484828,5.764687299961224
2019,21,Abu Dhabi Grand Prix,Sector3Seconds_mean5,-0.0004039921280369896,8.899636738370817e-05,1.0433777577484828,5.764687299961224
2019,21,Abu Dhabi Grand Prix,Sector3Seconds_std5,-0.006254722884003676,0.0021494713308504135,1.0433777577484828,5.764687299961224
2019,21,Abu Dhabi Grand Prix,Sector3Seconds_trend5,0.004432687425036663,0.0015285419017111574,1.0433777577484828,5.764687299961224
2019,21,Abu Dhabi Grand Prix,Position_mean5,0.030372140670881825,0.011244222791849686,1.0433777577484828,5.764687299961224
2019,21,Abu Dhabi Grand Prix,Position_std5,-0.00880011762237561,0.003378959062878838,1.0433777577484828,5.764687299961224
2019,21,Abu Dhabi Grand Prix,Position_trend5,-0.01078371366634571,0.006019471529061724,1.0433777577484828,5.764687299961224
2019,21,Abu Dhabi Grand Prix,TyreLife_mean5,-0.0010282094722234476,0.0007267940986377851,1.0433777577484828,5.764687299961224
2019,21,Abu Dhabi Grand Prix,TyreLife_std5,0.0003583735106725457,0.00010233517099237964,1.0433777577484828,5.764687299961224
2019,21,Abu Dhabi Grand Prix,TyreLife_trend5,0.00015635473088826402,0.0001273762002828712,1.0433777577484828,5.764687299961224
2019,21,Abu Dhabi Grand Prix,GapToLeaderSeconds_mean5,-0.0018413355254679094,0.0017235962874850995,1.0433777577484828,5.764687299961224
2019,21,Abu Dhabi Grand Prix,GapToLeaderSeconds_std5,0.016108734207048652,0.001023597333137787,1.0433777577484828,5.764687299961224
2019,21,Abu Dhabi Grand Prix,GapToLeaderSeconds_trend5,-0.0013397197613736662,0.0028824940246116077,1.0433777577484828,5.764687299961224
2019,21,Abu Dhabi Grand Prix,GapToCarAheadSeconds_mean5,-0.0009076247737428064,0.0012573963429797208,1.0433777577484828,5.764687299961224
2019,21,Abu Dhabi Grand Prix,GapToCarAheadSeconds_std5,6.186850832312629e-05,0.003834572140989552,1.0433777577484828,5.764687299961224
2019,21,Abu Dhabi Grand Prix,GapToCarAheadSeconds_trend5,-0.00244250692123645,0.006017729785987354,1.0433777577484828,5.764687299961224
2019,21,Abu Dhabi Grand Prix,PaceToFieldSeconds_mean5,0.015011485195219295,0.001574942472825692,1.0433777577484828,5.764687299961224
2019,21,Abu Dhabi Grand Prix,PaceToFieldSeconds_std5,-0.0006699943977344821,0.002260341754761187,1.0433777577484828,5.764687299961224
2019,21,Abu Dhabi Grand Prix,PaceToFieldSeconds_trend5,-0.0020230626502621973,0.002359111853246543,1.0433777577484828,5.764687299961224
2019,21,Abu Dhabi Grand Prix,PaceToTeammateSeconds_mean5,-0.0044527399117747874,0.002897561547154139,1.0433777577484828,5.764687299961224
2019,21,Abu Dhabi Grand Prix,PaceToTeammateSeconds_std5,0.004261759248639067,0.0008322486958052373,1.0433777577484828,5.764687299961224
2019,21,Abu Dhabi Grand Prix,PaceToTeammateSeconds_trend5,0.004551668433699326,0.001496876936494052,1.0433777577484828,5.764687299961224
2019,21,Abu Dhabi Grand Prix,TrackTemp_mean5,0.0,0.0,1.0433777577484828,5.764687299961224
2019,21,Abu Dhabi Grand Prix,TrackTemp_std5,-0.0015360296902914665,0.0017173039918033412,1.0433777577484828,5.764687299961224
2019,21,Abu Dhabi Grand Prix,TrackTemp_trend5,-0.0016696667129414422,0.0019224043918414028,1.0433777577484828,5.764687299961224
2020,15,Bahrain Grand Prix,DriverNumber,-0.0016651796675966057,0.005879101974614392,1.20798267689184,1.7540685000130907
2020,15,Bahrain Grand Prix,Driver,0.0,0.0,1.20798267689184,1.7540685000130907
2020,15,Bahrain Grand Prix,Team,0.0047087792935072885,0.001355321967022541,1.20798267689184,1.7540685000130907
2020,15,Bahrain Grand Prix,Circuit,0.0,0.0,1.20798267689184,1.7540685000130907
2020,15,Bahrain Grand Prix,Country,0.0,0.0,1.20798267689184,1.7540685000130907
2020,15,Bahrain Grand Prix,EventFormat,0.0,0.0,1.20798267689184,1.7540685000130907
2020,15,Bahrain Grand Prix,LapNumber,0.0023837858595387265,0.0016858355849846513,1.20798267689184,1.7540685000130907
2020,15,Bahrain Grand Prix,TotalRaceLaps,0.0,0.0,1.20798267689184,1.7540685000130907
2020,15,Bahrain Grand Prix,RaceProgress,0.003841913788224035,0.0027445149489053323,1.20798267689184,1.7540685000130907
2020,15,Bahrain Grand Prix,Position,0.1928105703796589,0.026416932678069813,1.20798267689184,1.7540685000130907
2020,15,Bahrain Grand Prix,GridPosition,0.0038237853823491394,0.0024448390251308612,1.20798267689184,1.7540685000130907
2020,15,Bahrain Grand Prix,QualifyingPosition,0.0037420039429545415,0.0014359954851326006,1.20798267689184,1.7540685000130907
2020,15,Bahrain Grand Prix,QualifyingDeltaToPoleSeconds,-5.307415377438692e-05,0.007970022199546782,1.20798267689184,1.7540685000130907
2020,15,Bahrain Grand Prix,DriverSeasonAvgFinish,0.0019232219317991313,0.0014590376554329285,1.20798267689184,1.7540685000130907
2020,15,Bahrain Grand Prix,DriverSeasonMedianFinish,0.0004312800423268796,0.001396036275239018,1.20798267689184,1.7540685000130907
2020,15,Bahrain Grand Prix,DriverRecent3AvgFinish,0.002508876148481276,0.004752569633359128,1.20798267689184,1.7540685000130907
2020,15,Bahrain Grand Prix,DriverSeasonBestFinish,0.003033711557588544,0.000984163298526128,1.20798267689184,1.7540685000130907
2020,15,Bahrain Grand Prix,DriverSeasonDNFRate,-0.0005897255261987736,0.0014613650077005872,1.20798267689184,1.7540685000130907
2020,15,Bahrain Grand Prix,DriverSeasonAvgPositionGain,0.005564988278979295,0.0013032305366399465,1.20798267689184,1.7540685000130907
2020,15,Bahrain Grand Prix,DriverCircuitAvgFinish,-0.0022204504691845837,0.0032710529717055793,1.20798267689184,1.7540685000130907
2020,15,Bahrain Grand Prix,DriverCircuitLastFinish,0.0010113103074541236,0.0008800513068132858,1.20798267689184,1.7540685000130907
2020,15,Bahrain Grand Prix,DriverCircuitBestFinish,-0.009890613496332653,0.0017291431911322635,1.20798267689184,1.7540685000130907
2020,15,Bahrain Grand Prix,DriverCircuitAvgPositionGain,-0.0020891766666158627,0.0018749482008116177,1.20798267689184,1.7540685000130907
2020,15,Bahrain Grand Prix,DriverCircuitAvgQualifyingPosition,0.0016311796191753973,0.0017611614883013763,1.20798267689184,1.7540685000130907
2020,15,Bahrain Grand Prix,DriverCircuitStarts,0.0,0.0,1.20798267689184,1.7540685000130907
2020,15,Bahrain Grand Prix,TeamSeasonAvgFinish,0.0015465060013245175,0.0024517292906521145,1.20798267689184,1.7540685000130907
2020,15,Bahrain Grand Prix,TeamRecent3AvgFinish,-0.0003888851335787831,0.0019654165104630575,1.20798267689184,1.7540685000130907
2020,15,Bahrain Grand Prix,TeamSeasonDNFRate,-0.0003666336948970894,0.0004696272081121639,1.20798267689184,1.7540685000130907
2020,15,Bahrain Grand Prix,TeamCircuitAvgFinish,0.002303782469670631,0.0007313831845752596,1.20798267689184,1.7540685000130907
2020,15,Bahrain Grand Prix,TeamCircuitAvgQualifyingPosition,-0.0016495630583353755,0.0007621539359978139,1.20798267689184,1.7540685000130907
2020,15,Bahrain Grand Prix,Stint,0.0,0.0,1.20798267689184,1.7540685000130907
2020,15,Bahrain Grand Prix,Compound,0.006061984542718113,0.0017139214753091217,1.20798267689184,1.7540685000130907
2020,15,Bahrain Grand Prix,FreshTyre,-0.0025710791477041215,0.0022109034580655943,1.20798267689184,1.7540685000130907
2020,15,Bahrain Grand Prix,TyreLife,0.02776648365007639,0.008445917555324405,1.20798267689184,1.7540685000130907
2020,15,Bahrain Grand Prix,TrackStatus,-0.0016021665835506866,0.005853201822249622,1.20798267689184,1.7540685000130907
2020,15,Bahrain Grand Prix,PitThisLap,0.024309834235308747,0.010942524417487031,1.20798267689184,1.7540685000130907
2020,15,Bahrain Grand Prix,SafetyCarThisLap,-6.720920574343481e-05,0.0002907786464429106,1.20798267689184,1.7540685000130907
2020,15,Bahrain Grand Prix,PitLapsLast5,0.0028279228906944454,0.0016034529331644771,1.20798267689184,1.7540685000130907
2020,15,Bahrain Grand Prix,SafetyCarLapsLast5,0.0,0.0,1.20798267689184,1.7540685000130907
2020,15,Bahrain Grand Prix,CompoundChangedLast5,0.0,0.0,1.20798267689184,1.7540685000130907
2020,15,Bahrain Grand Prix,LapTimeSeconds_lag0,0.0025878774443974053,0.002858390752458996,1.20798267689184,1.7540685000130907
2020,15,Bahrain Grand Prix,LapTimeSeconds_lag1,-0.003804242017833692,0.0004101592754844881,1.20798267689184,1.7540685000130907
2020,15,Bahrain Grand Prix,LapTimeSeconds_lag2,0.0006846302712231189,7.36558371357917e-05,1.20798267689184,1.7540685000130907
2020,15,Bahrain Grand Prix,LapTimeSeconds_lag3,-0.0013775836469775982,0.00015424915299669904,1.20798267689184,1.7540685000130907
2020,15,Bahrain Grand Prix,LapTimeSeconds_lag4,0.0005062448906911765,0.002007162722290098,1.20798267689184,1.7540685000130907
2020,15,Bahrain Grand Prix,Sector1Seconds_lag0,0.0027029452578840227,0.0010958703813741262,1.20798267689184,1.7540685000130907
2020,15,Bahrain Grand Prix,Sector1Seconds_lag1,0.001529988463356909,0.0007055694006439053,1.20798267689184,1.7540685000130907
2020,15,Bahrain Grand Prix,Sector1Seconds_lag2,0.008412179435887124,0.0012360623925582194,1.20798267689184,1.7540685000130907
2020,15,Bahrain Grand Prix,Sector1Seconds_lag3,0.0014830133349927888,0.0008698421317416941,1.20798267689184,1.7540685000130907
2020,15,Bahrain Grand Prix,Sector1Seconds_lag4,-0.0005266268379618596,0.0005789500933457718,1.20798267689184,1.7540685000130907
2020,15,Bahrain Grand Prix,Sector2Seconds_lag0,0.0012411099528713738,0.0024955585746978637,1.20798267689184,1.7540685000130907
2020,15,Bahrain Grand Prix,Sector2Seconds_lag1,-0.0006563871809137645,0.0008560274347518998,1.20798267689184,1.7540685000130907
2020,15,Bahrain Grand Prix,Sector2Seconds_lag2,-0.0003200043852766843,0.00022627727083841904,1.20798267689184,1.7540685000130907
2020,15,Bahrain Grand Prix,Sector2Seconds_lag3,-0.00027545580209017057,3.627689265151306e-05,1.20798267689184,1.7540685000130907
2020,15,Bahrain Grand Prix,Sector2Seconds_lag4,-0.0004500064550312377,0.0,1.20798267689184,1.7540685000130907
2020,15,Bahrain Grand Prix,Sector3Seconds_lag0,-0.007233206818297866,0.001629327893059166,1.20798267689184,1.7540685000130907
2020,15,Bahrain Grand Prix,Sector3Seconds_lag1,-0.002612186496934695,0.00047923626255572533,1.20798267689184,1.7540685000130907
2020,15,Bahrain Grand Prix,Sector3Seconds_lag2,9.857689504529551e-06,0.00028485968103776225,1.20798267689184,1.7540685000130907
2020,15,Bahrain Grand Prix,Sector3Seconds_lag3,0.0010748071992459824,0.0003357608421929038,1.20798267689184,1.7540685000130907
2020,15,Bahrain Grand Prix,Sector3Seconds_lag4,0.001338318006558185,0.0005046446240598384,1.20798267689184,1.7540685000130907
2020,15,Bahrain Grand Prix,Position_lag0,0.0,0.0,1.20798267689184,1.7540685000130907
2020,15,Bahrain Grand Prix,Position_lag1,0.007798421477894261,0.002130736277707501,1.20798267689184,1.7540685000130907
2020,15,Bahrain Grand Prix,Position_lag2,0.00401058747520285,0.0021570183938095467,1.20798267689184,1.7540685000130907
2020,15,Bahrain Grand Prix,Position_lag3,-0.0010382731289323062,0.0016489617303763165,1.20798267689184,1.7540685000130907
2020,15,Bahrain Grand Prix,Position_lag4,0.0012741762746073526,0.0022881837621852703,1.20798267689184,1.7540685000130907
2020,15,Bahrain Grand Prix,TyreLife_lag0,0.0,0.0,1.20798267689184,1.7540685000130907
2020,15,Bahrain Grand Prix,TyreLife_lag1,0.0005422978601941816,5.2939426619372e-05,1.20798267689184,1.7540685000130907
2020,15,Bahrain Grand Prix,TyreLife_lag2,1.058735326542326e-05,0.0002128830900896471,1.20798267689184,1.7540685000130907
2020,15,Bahrain Grand Prix,TyreLife_lag3,-0.0021255790590697377,0.001576926544337384,1.20798267689184,1.7540685000130907
2020,15,Bahrain Grand Prix,TyreLife_lag4,0.0008400835249395092,0.0014173991121277812,1.20798267689184,1.7540685000130907
2020,15,Bahrain Grand Prix,DRSActivePct_lag0,0.0016101902981110101,0.0016537382842105608,1.20798267689184,1.7540685000130907
2020,15,Bahrain Grand Prix,DRSActivePct_lag1,-0.001021482875936656,0.0005566264673497928,1.20798267689184,1.7540685000130907
2020,15,Bahrain Grand Prix,DRSActivePct_lag2,-6.24251312019523e-05,0.00078246553547844,1.20798267689184,1.7540685000130907
2020,15,Bahrain Grand Prix,DRSActivePct_lag3,0.0013848762761229743,0.0015607441399258922,1.20798267689184,1.7540685000130907
2020,15,Bahrain Grand Prix,DRSActivePct_lag4,0.0011053012200081074,0.0002192847277348306,1.20798267689184,1.7540685000130907
2020,15,Bahrain Grand Prix,GapToLeaderSeconds_lag0,0.00018141044676456275,0.001618218393014792,1.20798267689184,1.7540685000130907
2020,15,Bahrain Grand Prix,GapToLeaderSeconds_lag1,-0.0021904196769867066,0.0022534716919249244,1.20798267689184,1.7540685000130907
2020,15,Bahrain Grand Prix,GapToLeaderSeconds_lag2,-0.004001433823519325,0.002996163596190271,1.20798267689184,1.7540685000130907
2020,15,Bahrain Grand Prix,GapToLeaderSeconds_lag3,-0.0009694803816469033,0.0023040982956960233,1.20798267689184,1.7540685000130907
2020,15,Bahrain Grand Prix,GapToLeaderSeconds_lag4,0.0023614378376563363,0.0031462091576801594,1.20798267689184,1.7540685000130907
2020,15,Bahrain Grand Prix,GapToCarAheadSeconds_lag0,0.05447160217238959,0.0032697460312472635,1.20798267689184,1.7540685000130907
2020,15,Bahrain Grand Prix,GapToCarAheadSeconds_lag1,0.00027755568983911516,0.006113725183622516,1.20798267689184,1.7540685000130907
2020,15,Bahrain Grand Prix,GapToCarAheadSeconds_lag2,-0.0012949216794657659,0.000767091470614121,1.20798267689184,1.7540685000130907
2020,15,Bahrain Grand Prix,GapToCarAheadSeconds_lag3,0.0001580456623089995,0.0013923341950451836,1.20798267689184,1.7540685000130907
2020,15,Bahrain Grand Prix,GapToCarAheadSeconds_lag4,0.009006413125340007,0.0061509992819636155,1.20798267689184,1.7540685000130907
2020,15,Bahrain Grand Prix,GapToCarBehindSeconds_lag0,0.0745175328292571,0.002118381021244181,1.20798267689184,1.7540685000130907
2020,15,Bahrain Grand Prix,GapToCarBehindSeconds_lag1,0.0011995582387385924,0.002934665206597688,1.20798267689184,1.7540685000130907
2020,15,Bahrain Grand Prix,GapToCarBehindSeconds_lag2,-0.00459177684778463,0.001998162394909324,1.20798267689184,1.7540685000130907
2020,15,Bahrain Grand Prix,GapToCarBehindSeconds_lag3,0.0006308619201504199,0.0012686733849102644,1.20798267689184,1.7540685000130907
2020,15,Bahrain Grand Prix,GapToCarBehindSeconds_lag4,-0.0008262099788534094,0.0020166791294375587,1.20798267689184,1.7540685000130907
2020,15,Bahrain Grand Prix,PaceToFieldSeconds_lag0,0.04056782412651838,0.01588889777572698,1.20798267689184,1.7540685000130907
2020,15,Bahrain Grand Prix,PaceToFieldSeconds_lag1,0.00699278693513176,0.0011617393704769477,1.20798267689184,1.7540685000130907
2020,15,Bahrain Grand Prix,PaceToFieldSeconds_lag2,0.0023885925731854663,0.001797990600435248,1.20798267689184,1.7540685000130907
2020,15,Bahrain Grand Prix,PaceToFieldSeconds_lag3,-0.001450595954442783,0.00779125560549761,1.20798267689184,1.7540685000130907
2020,15,Bahrain Grand Prix,PaceToFieldSeconds_lag4,0.007533034492758143,0.0075525558095823585,1.20798267689184,1.7540685000130907
2020,15,Bahrain Grand Prix,PaceToTeammateSeconds_lag0,-0.0018041029877113128,0.0041615444405884135,1.20798267689184,1.7540685000130907
2020,15,Bahrain Grand Prix,PaceToTeammateSeconds_lag1,0.009054197650781933,0.004794068263225315,1.20798267689184,1.7540685000130907
2020,15,Bahrain Grand Prix,PaceToTeammateSeconds_lag2,0.0065294934109633536,0.002079635705831125,1.20798267689184,1.7540685000130907
2020,15,Bahrain Grand Prix,PaceToTeammateSeconds_lag3,0.005196049594409595,0.0026450697665360077,1.20798267689184,1.7540685000130907
2020,15,Bahrain Grand Prix,PaceToTeammateSeconds_lag4,0.006732662590656302,0.0020385401960405845,1.20798267689184,1.7540685000130907
2020,15,Bahrain Grand Prix,AirTemp_lag0,0.0,0.0,1.20798267689184,1.7540685000130907
2020,15,Bahrain Grand Prix,AirTemp_lag1,0.0,0.0,1.20798267689184,1.7540685000130907
2020,15,Bahrain Grand Prix,AirTemp_lag2,0.0,0.0,1.20798267689184,1.7540685000130907
2020,15,Bahrain Grand Prix,AirTemp_lag3,0.0,0.0,1.20798267689184,1.7540685000130907
2020,15,Bahrain Grand Prix,AirTemp_lag4,0.0,0.0,1.20798267689184,1.7540685000130907
2020,15,Bahrain Grand Prix,TrackTemp_lag0,0.0,0.0,1.20798267689184,1.7540685000130907
2020,15,Bahrain Grand Prix,TrackTemp_lag1,0.0,0.0,1.20798267689184,1.7540685000130907
2020,15,Bahrain Grand Prix,TrackTemp_lag2,0.0,0.0,1.20798267689184,1.7540685000130907
2020,15,Bahrain Grand Prix,TrackTemp_lag3,0.0,0.0,1.20798267689184,1.7540685000130907
2020,15,Bahrain Grand Prix,TrackTemp_lag4,0.0,0.0,1.20798267689184,1.7540685000130907
2020,15,Bahrain Grand Prix,Rainfall_lag0,0.0,0.0,1.20798267689184,1.7540685000130907
2020,15,Bahrain Grand Prix,Rainfall_lag1,0.0,0.0,1.20798267689184,1.7540685000130907
2020,15,Bahrain Grand Prix,Rainfall_lag2,0.0,0.0,1.20798267689184,1.7540685000130907
2020,15,Bahrain Grand Prix,Rainfall_lag3,0.0,0.0,1.20798267689184,1.7540685000130907
2020,15,Bahrain Grand Prix,Rainfall_lag4,0.0,0.0,1.20798267689184,1.7540685000130907
2020,15,Bahrain Grand Prix,LapTimeSeconds_mean5,-3.195718939008607e-05,0.0007996585787022783,1.20798267689184,1.7540685000130907
2020,15,Bahrain Grand Prix,LapTimeSeconds_std5,0.004707779583697687,0.0010966659776540906,1.20798267689184,1.7540685000130907
2020,15,Bahrain Grand Prix,LapTimeSeconds_trend5,0.004508038862753268,0.0016439587677963762,1.20798267689184,1.7540685000130907
2020,15,Bahrain Grand Prix,Sector1Seconds_mean5,0.0015747383235980756,0.0006633763984092292,1.20798267689184,1.7540685000130907
2020,15,Bahrain Grand Prix,Sector1Seconds_std5,0.00260670776646732,0.004557457006313187,1.20798267689184,1.7540685000130907
2020,15,Bahrain Grand Prix,Sector1Seconds_trend5,0.011130340342515291,0.0020049820940846287,1.20798267689184,1.7540685000130907
2020,15,Bahrain Grand Prix,Sector2Seconds_mean5,0.0,0.0,1.20798267689184,1.7540685000130907
2020,15,Bahrain Grand Prix,Sector2Seconds_std5,0.0009353040979545035,0.001494470917756033,1.20798267689184,1.7540685000130907
2020,15,Bahrain Grand Prix,Sector2Seconds_trend5,0.006533910627998314,0.002837003835578754,1.20798267689184,1.7540685000130907
2020,15,Bahrain Grand Prix,Sector3Seconds_mean5,-0.0016815050979776351,0.0009501034496635803,1.20798267689184,1.7540685000130907
2020,15,Bahrain Grand Prix,Sector3Seconds_std5,-0.002390421683506968,0.0042615283805820725,1.20798267689184,1.7540685000130907
2020,15,Bahrain Grand Prix,Sector3Seconds_trend5,0.0001512885699281874,0.0013598882386983292,1.20798267689184,1.7540685000130907
2020,15,Bahrain Grand Prix,Position_mean5,0.00792498063022277,0.009877841433163639,1.20798267689184,1.7540685000130907
2020,15,Bahrain Grand Prix,Position_std5,0.010463758949235272,0.002551480283489876,1.20798267689184,1.7540685000130907
2020,15,Bahrain Grand Prix,Position_trend5,-0.0015309823480744722,0.015338483209835267,1.20798267689184,1.7540685000130907
2020,15,Bahrain Grand Prix,TyreLife_mean5,0.001478561694776263,0.002913397977204603,1.20798267689184,1.7540685000130907
2020,15,Bahrain Grand Prix,TyreLife_std5,0.0006292956417638015,0.0016424239483830466,1.20798267689184,1.7540685000130907
2020,15,Bahrain Grand Prix,TyreLife_trend5,0.0006998891090882845,0.00024744816755746865,1.20798267689184,1.7540685000130907
2020,15,Bahrain Grand Prix,GapToLeaderSeconds_mean5,-0.0021027351790013546,0.002176965696850409,1.20798267689184,1.7540685000130907
2020,15,Bahrain Grand Prix,GapToLeaderSeconds_std5,0.0012403963481923963,0.002919189964099749,1.20798267689184,1.7540685000130907
2020,15,Bahrain Grand Prix,GapToLeaderSeconds_trend5,0.006882739831176821,0.0022938135147951362,1.20798267689184,1.7540685000130907
2020,15,Bahrain Grand Prix,GapToCarAheadSeconds_mean5,-0.00038816044489276,0.00237944407630967,1.20798267689184,1.7540685000130907
2020,15,Bahrain Grand Prix,GapToCarAheadSeconds_std5,-0.006393600190060041,0.003213614126913756,1.20798267689184,1.7540685000130907
2020,15,Bahrain Grand Prix,GapToCarAheadSeconds_trend5,0.0023240664240223494,0.0017955250247545294,1.20798267689184,1.7540685000130907
2020,15,Bahrain Grand Prix,PaceToFieldSeconds_mean5,0.007131916831602266,0.004906923495296789,1.20798267689184,1.7540685000130907
2020,15,Bahrain Grand Prix,PaceToFieldSeconds_std5,0.006303509571332115,0.0022641819614727405,1.20798267689184,1.7540685000130907
2020,15,Bahrain Grand Prix,PaceToFieldSeconds_trend5,0.005807343518369201,4.7353466256153395e-05,1.20798267689184,1.7540685000130907
2020,15,Bahrain Grand Prix,PaceToTeammateSeconds_mean5,0.00777318349848836,0.003908107289029882,1.20798267689184,1.7540685000130907
2020,15,Bahrain Grand Prix,PaceToTeammateSeconds_std5,0.0017126041632901472,0.0014127646741892476,1.20798267689184,1.7540685000130907
2020,15,Bahrain Grand Prix,PaceToTeammateSeconds_trend5,0.006022227433540787,0.0027713886842460414,1.20798267689184,1.7540685000130907
2020,15,Bahrain Grand Prix,TrackTemp_mean5,0.0,0.0,1.20798267689184,1.7540685000130907
2020,15,Bahrain Grand Prix,TrackTemp_std5,0.00836870437014392,0.003224317778119553,1.20798267689184,1.7540685000130907
2020,15,Bahrain Grand Prix,TrackTemp_trend5,0.002978498827274597,0.00021539177760447313,1.20798267689184,1.7540685000130907
2021,15,Russian Grand Prix,DriverNumber,0.010860497735126096,0.010728625558958154,1.5125899515293473,1.6694331000326201
2021,15,Russian Grand Prix,Driver,0.014356999765411308,0.0023676590090740642,1.5125899515293473,1.6694331000326201
2021,15,Russian Grand Prix,Team,0.0016658844351913338,0.0006906099457049268,1.5125899515293473,1.6694331000326201
2021,15,Russian Grand Prix,Circuit,0.0,0.0,1.5125899515293473,1.6694331000326201
2021,15,Russian Grand Prix,Country,0.0,0.0,1.5125899515293473,1.6694331000326201
2021,15,Russian Grand Prix,EventFormat,0.0,0.0,1.5125899515293473,1.6694331000326201
2021,15,Russian Grand Prix,LapNumber,0.000644479176219015,0.005191296541095071,1.5125899515293473,1.6694331000326201
2021,15,Russian Grand Prix,TotalRaceLaps,0.0,0.0,1.5125899515293473,1.6694331000326201
2021,15,Russian Grand Prix,RaceProgress,0.0005298447990224423,0.006079001424348635,1.5125899515293473,1.6694331000326201
2021,15,Russian Grand Prix,Position,0.1646593477277137,0.012632808072209416,1.5125899515293473,1.6694331000326201
2021,15,Russian Grand Prix,GridPosition,0.006078449911286625,0.001900115879883687,1.5125899515293473,1.6694331000326201
2021,15,Russian Grand Prix,QualifyingPosition,0.0055267035187887,0.003821325856234824,1.5125899515293473,1.6694331000326201
2021,15,Russian Grand Prix,QualifyingDeltaToPoleSeconds,0.011341722939482471,0.0017556703813632593,1.5125899515293473,1.6694331000326201
2021,15,Russian Grand Prix,DriverSeasonAvgFinish,0.0014185481585250088,0.0007849692540655975,1.5125899515293473,1.6694331000326201
2021,15,Russian Grand Prix,DriverSeasonMedianFinish,0.007738928914303352,0.002520241938025562,1.5125899515293473,1.6694331000326201
2021,15,Russian Grand Prix,DriverRecent3AvgFinish,-7.309974283042919e-05,0.0007759406894772936,1.5125899515293473,1.6694331000326201
2021,15,Russian Grand Prix,DriverSeasonBestFinish,0.0014584592229063276,0.000379637479001387,1.5125899515293473,1.6694331000326201
2021,15,Russian Grand Prix,DriverSeasonDNFRate,0.0004126540945797637,0.00014544206756325108,1.5125899515293473,1.6694331000326201
2021,15,Russian Grand Prix,DriverSeasonAvgPositionGain,0.005251924822279763,0.00046456611015687643,1.5125899515293473,1.6694331000326201
2021,15,Russian Grand Prix,DriverCircuitAvgFinish,0.00264415617421232,0.0026523607014775543,1.5125899515293473,1.6694331000326201
2021,15,Russian Grand Prix,DriverCircuitLastFinish,-0.0009992601550275666,0.0006180981165528716,1.5125899515293473,1.6694331000326201
2021,15,Russian Grand Prix,DriverCircuitBestFinish,0.002844725880441749,0.004747528801675182,1.5125899515293473,1.6694331000326201
2021,15,Russian Grand Prix,DriverCircuitAvgPositionGain,0.0006248242862216813,0.0015689656734675145,1.5125899515293473,1.6694331000326201
2021,15,Russian Grand Prix,DriverCircuitAvgQualifyingPosition,0.0006707658217188032,0.0018343595449865362,1.5125899515293473,1.6694331000326201
2021,15,Russian Grand Prix,DriverCircuitStarts,-0.0006130269633225863,0.0005311988012721909,1.5125899515293473,1.6694331000326201
2021,15,Russian Grand Prix,TeamSeasonAvgFinish,0.004545859606240876,0.003068463021790393,1.5125899515293473,1.6694331000326201
2021,15,Russian Grand Prix,TeamRecent3AvgFinish,-0.0014093999063241232,0.0011237599651371213,1.5125899515293473,1.6694331000326201
2021,15,Russian Grand Prix,TeamSeasonDNFRate,0.000205179773529555,1.7410271722359187e-05,1.5125899515293473,1.6694331000326201
2021,15,Russian Grand Prix,TeamCircuitAvgFinish,0.0020550410416847096,0.0026759049405383657,1.5125899515293473,1.6694331000326201
2021,15,Russian Grand Prix,TeamCircuitAvgQualifyingPosition,0.0009375140936747073,0.0027275061001494107,1.5125899515293473,1.6694331000326201
2021,15,Russian Grand Prix,Stint,0.01665922729071867,0.026054875646294665,1.5125899515293473,1.6694331000326201
2021,15,Russian Grand Prix,Compound,0.003406780709909999,0.002715620243724438,1.5125899515293473,1.6694331000326201
2021,15,Russian Grand Prix,FreshTyre,0.0,0.0,1.5125899515293473,1.6694331000326201
2021,15,Russian Grand Prix,TyreLife,0.01759108748953057,0.015178684783361363,1.5125899515293473,1.6694331000326201
2021,15,Russian Grand Prix,TrackStatus,0.0,0.0,1.5125899515293473,1.6694331000326201
2021,15,Russian Grand Prix,PitThisLap,0.011242058963090237,0.006855509182808399,1.5125899515293473,1.6694331000326201
2021,15,Russian Grand Prix,SafetyCarThisLap,0.0,0.0,1.5125899515293473,1.6694331000326201
2021,15,Russian Grand Prix,PitLapsLast5,0.002559594131569624,0.0012056041143651893,1.5125899515293473,1.6694331000326201
2021,15,Russian Grand Prix,SafetyCarLapsLast5,0.0,0.0,1.5125899515293473,1.6694331000326201
2021,15,Russian Grand Prix,CompoundChangedLast5,0.0,0.0,1.5125899515293473,1.6694331000326201
2021,15,Russian Grand Prix,LapTimeSeconds_lag0,-0.00029685144523165324,0.00030171046461772294,1.5125899515293473,1.6694331000326201
2021,15,Russian Grand Prix,LapTimeSeconds_lag1,-2.983115718128519e-05,4.048305705264893e-05,1.5125899515293473,1.6694331000326201
2021,15,Russian Grand Prix,LapTimeSeconds_lag2,0.0,0.0,1.5125899515293473,1.6694331000326201
2021,15,Russian Grand Prix,LapTimeSeconds_lag3,-0.001180295950861332,0.0004351632277901842,1.5125899515293473,1.6694331000326201
2021,15,Russian Grand Prix,LapTimeSeconds_lag4,0.0004097317986188435,0.0002897241332709881,1.5125899515293473,1.6694331000326201
2021,15,Russian Grand Prix,Sector1Seconds_lag0,-0.0004921401592216471,0.00031724186117852216,1.5125899515293473,1.6694331000326201
2021,15,Russian Grand Prix,Sector1Seconds_lag1,-0.00018888093122441477,0.0002575184385013166,1.5125899515293473,1.6694331000326201
2021,15,Russian Grand Prix,Sector1Seconds_lag2,4.62822308790282e-05,0.0002211691752911639,1.5125899515293473,1.6694331000326201
2021,15,Russian Grand Prix,Sector1Seconds_lag3,-0.00015347387937122056,0.00010852242083839625,1.5125899515293473,1.6694331000326201
2021,15,Russian Grand Prix,Sector1Seconds_lag4,-0.0014282146507698101,0.0004264754568399097,1.5125899515293473,1.6694331000326201
2021,15,Russian Grand Prix,Sector2Seconds_lag0,0.0,0.0,1.5125899515293473,1.6694331000326201
2021,15,Russian Grand Prix,Sector2Seconds_lag1,0.0,0.0,1.5125899515293473,1.6694331000326201
2021,15,Russian Grand Prix,Sector2Seconds_lag2,0.0,0.0,1.5125899515293473,1.6694331000326201
2021,15,Russian Grand Prix,Sector2Seconds_lag3,0.0,0.0,1.5125899515293473,1.6694331000326201
2021,15,Russian Grand Prix,Sector2Seconds_lag4,-0.0002777181451947275,0.000392752767451484,1.5125899515293473,1.6694331000326201
2021,15,Russian Grand Prix,Sector3Seconds_lag0,0.0,0.0,1.5125899515293473,1.6694331000326201
2021,15,Russian Grand Prix,Sector3Seconds_lag1,0.0,0.0,1.5125899515293473,1.6694331000326201
2021,15,Russian Grand Prix,Sector3Seconds_lag2,2.220446049250313e-16,5.44670367189569e-06,1.5125899515293473,1.6694331000326201
2021,15,Russian Grand Prix,Sector3Seconds_lag3,0.0,0.0,1.5125899515293473,1.6694331000326201
2021,15,Russian Grand Prix,Sector3Seconds_lag4,0.0,0.0,1.5125899515293473,1.6694331000326201
2021,15,Russian Grand Prix,Position_lag0,0.0,0.0,1.5125899515293473,1.6694331000326201
2021,15,Russian Grand Prix,Position_lag1,-0.009033624494591516,0.0016740147359994852,1.5125899515293473,1.6694331000326201
2021,15,Russian Grand Prix,Position_lag2,0.00904062831478658,0.0029442357918798945,1.5125899515293473,1.6694331000326201
2021,15,Russian Grand Prix,Position_lag3,0.0006427403152618657,0.003141672915944092,1.5125899515293473,1.6694331000326201
2021,15,Russian Grand Prix,Position_lag4,-0.00020643336124170908,0.0039486964198873304,1.5125899515293473,1.6694331000326201
2021,15,Russian Grand Prix,TyreLife_lag0,0.0,0.0,1.5125899515293473,1.6694331000326201
2021,15,Russian Grand Prix,TyreLife_lag1,-0.001902462530530465,0.0004651934986018977,1.5125899515293473,1.6694331000326201
2021,15,Russian Grand Prix,TyreLife_lag2,-0.0012643293010109098,0.0012612134758773934,1.5125899515293473,1.6694331000326201
2021,15,Russian Grand Prix,TyreLife_lag3,0.0005385543268362861,0.0006293040461048512,1.5125899515293473,1.6694331000326201
2021,15,Russian Grand Prix,TyreLife_lag4,0.003882588285696246,0.002565827491346027,1.5125899515293473,1.6694331000326201
2021,15,Russian Grand Prix,DRSActivePct_lag0,0.007015207429760843,0.002620880989221411,1.5125899515293473,1.6694331000326201
2021,15,Russian Grand Prix,DRSActivePct_lag1,0.0001151180125474512,0.0005954755728493225,1.5125899515293473,1.6694331000326201
2021,15,Russian Grand Prix,DRSActivePct_lag2,0.006975740734611084,0.0008220012357676677,1.5125899515293473,1.6694331000326201
2021,15,Russian Grand Prix,DRSActivePct_lag3,0.009297053109874534,0.002972714252803701,1.5125899515293473,1.6694331000326201
2021,15,Russian Grand Prix,DRSActivePct_lag4,0.0010312877168580463,9.188958554551045e-05,1.5125899515293473,1.6694331000326201
2021,15,Russian Grand Prix,GapToLeaderSeconds_lag0,-0.00028421920834942327,0.002300142454056278,1.5125899515293473,1.6694331000326201
2021,15,Russian Grand Prix,GapToLeaderSeconds_lag1,0.0013147095800440194,0.0003264346308056123,1.5125899515293473,1.6694331000326201
2021,15,Russian Grand Prix,GapToLeaderSeconds_lag2,0.010273792265166412,0.0024312832207798074,1.5125899515293473,1.6694331000326201
2021,15,Russian Grand Prix,GapToLeaderSeconds_lag3,-0.0006635267181624253,0.0012415622523414306,1.5125899515293473,1.6694331000326201
2021,15,Russian Grand Prix,GapToLeaderSeconds_lag4,0.0013426291508748338,0.0028770082434412462,1.5125899515293473,1.6694331000326201
2021,15,Russian Grand Prix,GapToCarAheadSeconds_lag0,0.008615827336212764,0.008286925086413816,1.5125899515293473,1.6694331000326201
2021,15,Russian Grand Prix,GapToCarAheadSeconds_lag1,0.015823037645330922,0.009990897830645693,1.5125899515293473,1.6694331000326201
2021,15,Russian Grand Prix,GapToCarAheadSeconds_lag2,0.001317722679300563,0.0008191198758731603,1.5125899515293473,1.6694331000326201
2021,15,Russian Grand Prix,GapToCarAheadSeconds_lag3,0.004185139740384998,0.0007627291965569033,1.5125899515293473,1.6694331000326201
2021,15,Russian Grand Prix,GapToCarAheadSeconds_lag4,-0.002409344395502666,0.0022923011538975584,1.5125899515293473,1.6694331000326201
2021,15,Russian Grand Prix,GapToCarBehindSeconds_lag0,0.049291719298862814,0.01729296474575869,1.5125899515293473,1.6694331000326201
2021,15,Russian Grand Prix,GapToCarBehindSeconds_lag1,0.00374343515158726,0.0024192144411526763,1.5125899515293473,1.6694331000326201
2021,15,Russian Grand Prix,GapToCarBehindSeconds_lag2,-0.003506734536241248,0.00349876328461563,1.5125899515293473,1.6694331000326201
2021,15,Russian Grand Prix,GapToCarBehindSeconds_lag3,0.0012140449392644321,0.003631852222483814,1.5125899515293473,1.6694331000326201
2021,15,Russian Grand Prix,GapToCarBehindSeconds_lag4,-0.00044723143164822804,0.0023218303491153083,1.5125899515293473,1.6694331000326201
2021,15,Russian Grand Prix,PaceToFieldSeconds_lag0,0.049917517003188916,0.0354132420667616,1.5125899515293473,1.6694331000326201
2021,15,Russian Grand Prix,PaceToFieldSeconds_lag1,0.00034742315374184746,0.0012718093545866093,1.5125899515293473,1.6694331000326201
2021,15,Russian Grand Prix,PaceToFieldSeconds_lag2,0.0025380443344622527,0.0033947022469418054,1.5125899515293473,1.6694331000326201
2021,15,Russian Grand Prix,PaceToFieldSeconds_lag3,-0.0072456247188184735,0.0016524591214375378,1.5125899515293473,1.6694331000326201
2021,15,Russian Grand Prix,PaceToFieldSeconds_lag4,0.007810957895217315,0.007450423342924803,1.5125899515293473,1.6694331000326201
2021,15,Russian Grand Prix,PaceToTeammateSeconds_lag0,0.003754324986706544,0.0005334237816819013,1.5125899515293473,1.6694331000326201
2021,15,Russian Grand Prix,PaceToTeammateSeconds_lag1,0.00041845125331141375,0.002893043832028686,1.5125899515293473,1.6694331000326201
2021,15,Russian Grand Prix,PaceToTeammateSeconds_lag2,0.0016221220589663539,0.004905658468766032,1.5125899515293473,1.6694331000326201
2021,15,Russian Grand Prix,PaceToTeammateSeconds_lag3,-0.00037749319677623144,0.00265829866916504,1.5125899515293473,1.6694331000326201
2021,15,Russian Grand Prix,PaceToTeammateSeconds_lag4,0.003934071249843167,0.002698193911396871,1.5125899515293473,1.6694331000326201
2021,15,Russian Grand Prix,AirTemp_lag0,0.0,0.0,1.5125899515293473,1.6694331000326201
2021,15,Russian Grand Prix,AirTemp_lag1,0.0,0.0,1.5125899515293473,1.6694331000326201
2021,15,Russian Grand Prix,AirTemp_lag2,0.0,0.0,1.5125899515293473,1.6694331000326201
2021,15,Russian Grand Prix,AirTemp_lag3,0.0,0.0,1.5125899515293473,1.6694331000326201
2021,15,Russian Grand Prix,AirTemp_lag4,0.0,0.0,1.5125899515293473,1.6694331000326201
2021,15,Russian Grand Prix,TrackTemp_lag0,0.0,0.0,1.5125899515293473,1.6694331000326201
2021,15,Russian Grand Prix,TrackTemp_lag1,0.0,0.0,1.5125899515293473,1.6694331000326201
2021,15,Russian Grand Prix,TrackTemp_lag2,0.0,0.0,1.5125899515293473,1.6694331000326201
2021,15,Russian Grand Prix,TrackTemp_lag3,0.0,0.0,1.5125899515293473,1.6694331000326201
2021,15,Russian Grand Prix,TrackTemp_lag4,0.0,0.0,1.5125899515293473,1.6694331000326201
2021,15,Russian Grand Prix,Rainfall_lag0,0.0,0.0,1.5125899515293473,1.6694331000326201
2021,15,Russian Grand Prix,Rainfall_lag1,0.0,0.0,1.5125899515293473,1.6694331000326201
2021,15,Russian Grand Prix,Rainfall_lag2,0.0,0.0,1.5125899515293473,1.6694331000326201
2021,15,Russian Grand Prix,Rainfall_lag3,0.0,0.0,1.5125899515293473,1.6694331000326201
2021,15,Russian Grand Prix,Rainfall_lag4,0.0,0.0,1.5125899515293473,1.6694331000326201
2021,15,Russian Grand Prix,LapTimeSeconds_mean5,0.00021431971900861177,0.000617073791172963,1.5125899515293473,1.6694331000326201
2021,15,Russian Grand Prix,LapTimeSeconds_std5,0.011884021853475554,0.010511412443041747,1.5125899515293473,1.6694331000326201
2021,15,Russian Grand Prix,LapTimeSeconds_trend5,-0.0001367937652987372,0.0006436868795635617,1.5125899515293473,1.6694331000326201
2021,15,Russian Grand Prix,Sector1Seconds_mean5,-0.0039856746047544815,0.0020746173646170782,1.5125899515293473,1.6694331000326201
2021,15,Russian Grand Prix,Sector1Seconds_std5,-0.00020281315215475715,0.0010240977161409292,1.5125899515293473,1.6694331000326201
2021,15,Russian Grand Prix,Sector1Seconds_trend5,-0.002745693821474493,0.0016744242941626984,1.5125899515293473,1.6694331000326201
2021,15,Russian Grand Prix,Sector2Seconds_mean5,0.0,0.0,1.5125899515293473,1.6694331000326201
2021,15,Russian Grand Prix,Sector2Seconds_std5,0.00137176994677309,0.0010045479807319602,1.5125899515293473,1.6694331000326201
2021,15,Russian Grand Prix,Sector2Seconds_trend5,0.0045000382010363564,0.0009783579890633952,1.5125899515293473,1.6694331000326201
2021,15,Russian Grand Prix,Sector3Seconds_mean5,0.0,0.0,1.5125899515293473,1.6694331000326201
2021,15,Russian Grand Prix,Sector3Seconds_std5,0.005212501921184461,0.007604053514310867,1.5125899515293473,1.6694331000326201
2021,15,Russian Grand Prix,Sector3Seconds_trend5,0.006358341389305726,0.001726698679806969,1.5125899515293473,1.6694331000326201
2021,15,Russian Grand Prix,Position_mean5,0.0030069852006671116,0.007662399971314713,1.5125899515293473,1.6694331000326201
2021,15,Russian Grand Prix,Position_std5,0.011041128210010465,0.0027036221478628857,1.5125899515293473,1.6694331000326201
2021,15,Russian Grand Prix,Position_trend5,0.006506624414200912,0.0013410143675527746,1.5125899515293473,1.6694331000326201
2021,15,Russian Grand Prix,TyreLife_mean5,0.001973606769362387,0.0016698760536755116,1.5125899515293473,1.6694331000326201
2021,15,Russian Grand Prix,TyreLife_std5,-0.00011714219673875093,0.00013010598536503012,1.5125899515293473,1.6694331000326201
2021,15,Russian Grand Prix,TyreLife_trend5,3.934487537578709e-05,0.0006808943885729038,1.5125899515293473,1.6694331000326201
2021,15,Russian Grand Prix,GapToLeaderSeconds_mean5,0.0004488115326061563,0.0004768836644011519,1.5125899515293473,1.6694331000326201
2021,15,Russian Grand Prix,GapToLeaderSeconds_std5,0.0023670869355685298,0.0018816735416400533,1.5125899515293473,1.6694331000326201
2021,15,Russian Grand Prix,GapToLeaderSeconds_trend5,-0.0025941302781799327,0.00020838414734107032,1.5125899515293473,1.6694331000326201
2021,15,Russian Grand Prix,GapToCarAheadSeconds_mean5,0.0009017420336025298,0.002335148886791396,1.5125899515293473,1.6694331000326201
2021,15,Russian Grand Prix,GapToCarAheadSeconds_std5,0.00891034841996167,0.004054621013192,1.5125899515293473,1.6694331000326201
2021,15,Russian Grand Prix,GapToCarAheadSeconds_trend5,0.00011492975261580736,0.0011918841077944871,1.5125899515293473,1.6694331000326201
2021,15,Russian Grand Prix,PaceToFieldSeconds_mean5,-0.00012022740764261464,0.0012223390328065333,1.5125899515293473,1.6694331000326201
2021,15,Russian Grand Prix,PaceToFieldSeconds_std5,-0.005632902310834502,0.0019077473700015557,1.5125899515293473,1.6694331000326201
2021,15,Russian Grand Prix,PaceToFieldSeconds_trend5,0.0014734889219993885,0.001737975151471321,1.5125899515293473,1.6694331000326201
2021,15,Russian Grand Prix,PaceToTeammateSeconds_mean5,-0.005061908910240609,0.0011649260222651534,1.5125899515293473,1.6694331000326201
2021,15,Russian Grand Prix,PaceToTeammateSeconds_std5,0.0045628031301760226,0.0021396135982890536,1.5125899515293473,1.6694331000326201
2021,15,Russian Grand Prix,PaceToTeammateSeconds_trend5,-0.0012095375141815505,0.0030957626335511856,1.5125899515293473,1.6694331000326201
2021,15,Russian Grand Prix,TrackTemp_mean5,0.0,0.0,1.5125899515293473,1.6694331000326201
2021,15,Russian Grand Prix,TrackTemp_std5,-0.0003662082582627235,0.00010548312107263322,1.5125899515293473,1.6694331000326201
2021,15,Russian Grand Prix,TrackTemp_trend5,0.0,0.0,1.5125899515293473,1.6694331000326201
2022,9,Canadian Grand Prix,DriverNumber,0.0142879972368255,0.0036895207303110134,0.936899975447411,1.7529823000077158
2022,9,Canadian Grand Prix,Driver,0.0067332086109467655,0.0018549191412486482,0.936899975447411,1.7529823000077158
2022,9,Canadian Grand Prix,Team,0.0010012866945631564,0.002670375461280832,0.936899975447411,1.7529823000077158
2022,9,Canadian Grand Prix,Circuit,0.0,0.0,0.936899975447411,1.7529823000077158
2022,9,Canadian Grand Prix,Country,0.0,0.0,0.936899975447411,1.7529823000077158
2022,9,Canadian Grand Prix,EventFormat,0.0,0.0,0.936899975447411,1.7529823000077158
2022,9,Canadian Grand Prix,LapNumber,-0.0013720715768909357,0.0004242716926854988,0.936899975447411,1.7529823000077158
2022,9,Canadian Grand Prix,TotalRaceLaps,0.0,0.0,0.936899975447411,1.7529823000077158
2022,9,Canadian Grand Prix,RaceProgress,0.00596884048798189,0.002674925360392005,0.936899975447411,1.7529823000077158
2022,9,Canadian Grand Prix,Position,0.043210325557162275,0.010364612787165018,0.936899975447411,1.7529823000077158
2022,9,Canadian Grand Prix,GridPosition,-0.004021026943054247,0.0010943228301263947,0.936899975447411,1.7529823000077158
2022,9,Canadian Grand Prix,QualifyingPosition,0.0006836912108836671,0.0014089479629391137,0.936899975447411,1.7529823000077158
2022,9,Canadian Grand Prix,QualifyingDeltaToPoleSeconds,-0.0016869185497609223,0.005189660345190333,0.936899975447411,1.7529823000077158
2022,9,Canadian Grand Prix,DriverSeasonAvgFinish,0.0021840775465518845,0.002186072575395252,0.936899975447411,1.7529823000077158
2022,9,Canadian Grand Prix,DriverSeasonMedianFinish,0.0016181461557691994,0.001731417598035283,0.936899975447411,1.7529823000077158
2022,9,Canadian Grand Prix,DriverRecent3AvgFinish,0.0011997503039805995,0.000856126231605033,0.936899975447411,1.7529823000077158
2022,9,Canadian Grand Prix,DriverSeasonBestFinish,0.00025130456214631874,9.021471450801558e-05,0.936899975447411,1.7529823000077158
2022,9,Canadian Grand Prix,DriverSeasonDNFRate,-0.0008057097029063506,0.0011143198902621263,0.936899975447411,1.7529823000077158
2022,9,Canadian Grand Prix,DriverSeasonAvgPositionGain,-0.005368367503421474,0.002175820646276235,0.936899975447411,1.7529823000077158
2022,9,Canadian Grand Prix,DriverCircuitAvgFinish,0.0007756564361659132,0.00355435218919272,0.936899975447411,1.7529823000077158
2022,9,Canadian Grand Prix,DriverCircuitLastFinish,4.7797042185086326e-05,0.0002218319539394294,0.936899975447411,1.7529823000077158
2022,9,Canadian Grand Prix,DriverCircuitBestFinish,-0.00015321834237728518,0.0011856874458647292,0.936899975447411,1.7529823000077158
2022,9,Canadian Grand Prix,DriverCircuitAvgPositionGain,0.00014968548821895725,0.00029577436097756,0.936899975447411,1.7529823000077158
2022,9,Canadian Grand Prix,DriverCircuitAvgQualifyingPosition,-0.0013353680730980866,0.0009650480368004864,0.936899975447411,1.7529823000077158
2022,9,Canadian Grand Prix,DriverCircuitStarts,0.00022510301863395052,0.00042112918622838684,0.936899975447411,1.7529823000077158
2022,9,Canadian Grand Prix,TeamSeasonAvgFinish,0.00629632613254516,0.0013202888541412321,0.936899975447411,1.7529823000077158
2022,9,Canadian Grand Prix,TeamRecent3AvgFinish,0.0006730454633157764,0.0021337890781444545,0.936899975447411,1.7529823000077158
2022,9,Canadian Grand Prix,TeamSeasonDNFRate,-0.0014438940229311026,0.0003656204757865775,0.936899975447411,1.7529823000077158
2022,9,Canadian Grand Prix,TeamCircuitAvgFinish,-0.00013225086461943203,0.0010195396991048119,0.936899975447411,1.7529823000077158
2022,9,Canadian Grand Prix,TeamCircuitAvgQualifyingPosition,0.004532080635470059,0.0020702951127053284,0.936899975447411,1.7529823000077158
2022,9,Canadian Grand Prix,Stint,0.0025171209864654673,0.0030332516864119974,0.936899975447411,1.7529823000077158
2022,9,Canadian Grand Prix,Compound,-0.004463840392132694,0.0022906915536145458,0.936899975447411,1.7529823000077158
2022,9,Canadian Grand Prix,FreshTyre,0.0010228443956732391,0.0004502322604635933,0.936899975447411,1.7529823000077158
2022,9,Canadian Grand Prix,TyreLife,0.0025237654285081845,0.00810673818049637,0.936899975447411,1.7529823000077158
2022,9,Canadian Grand Prix,TrackStatus,0.012097736607906029,0.004022332904433383,0.936899975447411,1.7529823000077158
2022,9,Canadian Grand Prix,PitThisLap,0.0034362503674473612,0.0037968804687437867,0.936899975447411,1.7529823000077158
2022,9,Canadian Grand Prix,SafetyCarThisLap,0.0,0.0,0.936899975447411,1.7529823000077158
2022,9,Canadian Grand Prix,PitLapsLast5,-0.0016252841291760263,0.0012978442217410275,0.936899975447411,1.7529823000077158
2022,9,Canadian Grand Prix,SafetyCarLapsLast5,0.0,0.0,0.936899975447411,1.7529823000077158
2022,9,Canadian Grand Prix,CompoundChangedLast5,0.0,0.0,0.936899975447411,1.7529823000077158
2022,9,Canadian Grand Prix,LapTimeSeconds_lag0,1.5808416304034328e-05,0.0008572560573316123,0.936899975447411,1.7529823000077158
2022,9,Canadian Grand Prix,LapTimeSeconds_lag1,-0.0011098327147875582,0.00019405496568039582,0.936899975447411,1.7529823000077158
2022,9,Canadian Grand Prix,LapTimeSeconds_lag2,-0.00018192795993550911,0.0003794375310437061,0.936899975447411,1.7529823000077158
2022,9,Canadian Grand Prix,LapTimeSeconds_lag3,8.681366089668963e-06,0.0002697213325468829,0.936899975447411,1.7529823000077158
2022,9,Canadian Grand Prix,LapTimeSeconds_lag4,-0.0004479253508835231,0.0002970438744900844,0.936899975447411,1.7529823000077158
2022,9,Canadian Grand Prix,Sector1Seconds_lag0,-0.0002348252056998031,0.00016913007340089395,0.936899975447411,1.7529823000077158
2022,9,Canadian Grand Prix,Sector1Seconds_lag1,-0.00040029279083149866,0.0004821049013568534,0.936899975447411,1.7529823000077158
2022,9,Canadian Grand Prix,Sector1Seconds_lag2,0.0,0.0,0.936899975447411,1.7529823000077158
2022,9,Canadian Grand Prix,Sector1Seconds_lag3,-0.00030643507667516,0.00043336464142085056,0.936899975447411,1.7529823000077158
2022,9,Canadian Grand Prix,Sector1Seconds_lag4,-0.00048648988532347853,0.00020703048500621575,0.936899975447411,1.7529823000077158
2022,9,Canadian Grand Prix,Sector2Seconds_lag0,0.000868205088821572,0.0004829937568183233,0.936899975447411,1.7529823000077158
2022,9,Canadian Grand Prix,Sector2Seconds_lag1,0.0,0.0,0.936899975447411,1.7529823000077158
2022,9,Canadian Grand Prix,Sector2Seconds_lag2,1.0414726828722465e-05,2.9457295859180487e-05,0.936899975447411,1.7529823000077158
2022,9,Canadian Grand Prix,Sector2Seconds_lag3,4.2168967200291917e-05,4.2401822792979694e-05,0.936899975447411,1.7529823000077158
2022,9,Canadian Grand Prix,Sector2Seconds_lag4,-0.00019768688627008757,0.0,0.936899975447411,1.7529823000077158
2022,9,Canadian Grand Prix,Sector3Seconds_lag0,-0.00033369507259217723,0.00041281241327776003,0.936899975447411,1.7529823000077158
2022,9,Canadian Grand Prix,Sector3Seconds_lag1,0.0,0.0,0.936899975447411,1.7529823000077158
2022,9,Canadian Grand Prix,Sector3Seconds_lag2,-0.00022484201217535618,8.203767625665742e-05,0.936899975447411,1.7529823000077158
2022,9,Canadian Grand Prix,Sector3Seconds_lag3,8.083302688536668e-05,0.00011431516290895457,0.936899975447411,1.7529823000077158
2022,9,Canadian Grand Prix,Sector3Seconds_lag4,0.0,0.0,0.936899975447411,1.7529823000077158
2022,9,Canadian Grand Prix,Position_lag0,0.0,0.0,0.936899975447411,1.7529823000077158
2022,9,Canadian Grand Prix,Position_lag1,0.0006816114043797228,0.0022123461227573807,0.936899975447411,1.7529823000077158
2022,9,Canadian Grand Prix,Position_lag2,-0.0037520855811058094,0.0023859699504376686,0.936899975447411,1.7529823000077158
2022,9,Canadian Grand Prix,Position_lag3,0.0004494146590257042,3.799621998606156e-05,0.936899975447411,1.7529823000077158
2022,9,Canadian Grand Prix,Position_lag4,-0.0010365915979788642,0.0010780051880208894,0.936899975447411,1.7529823000077158
2022,9,Canadian Grand Prix,TyreLife_lag0,0.0,0.0,0.936899975447411,1.7529823000077158
2022,9,Canadian Grand Prix,TyreLife_lag1,-0.0008241318884927665,0.0011725428118276998,0.936899975447411,1.7529823000077158
2022,9,Canadian Grand Prix,TyreLife_lag2,0.0008517368194016495,9.531670616764581e-05,0.936899975447411,1.7529823000077158
2022,9,Canadian Grand Prix,TyreLife_lag3,0.0,0.0,0.936899975447411,1.7529823000077158
2022,9,Canadian Grand Prix,TyreLife_lag4,-0.005949658212991575,0.0016671140940285743,0.936899975447411,1.7529823000077158
2022,9,Canadian Grand Prix,DRSActivePct_lag0,-0.000989090594128476,0.0011947816384145452,0.936899975447411,1.7529823000077158
2022,9,Canadian Grand Prix,DRSActivePct_lag1,-0.0028809561272222783,0.0010092256562113189,0.936899975447411,1.7529823000077158
2022,9,Canadian Grand Prix,DRSActivePct_lag2,0.002014446721390987,0.0029819974375046945,0.936899975447411,1.7529823000077158
2022,9,Canadian Grand Prix,DRSActivePct_lag3,0.0033236533597213644,0.0009815702726905112,0.936899975447411,1.7529823000077158
2022,9,Canadian Grand Prix,DRSActivePct_lag4,-0.000974647684281201,0.001365568653876924,0.936899975447411,1.7529823000077158
2022,9,Canadian Grand Prix,GapToLeaderSeconds_lag0,0.0026596252280837174,0.0018191601526342555,0.936899975447411,1.7529823000077158
2022,9,Canadian Grand Prix,GapToLeaderSeconds_lag1,0.004950359248013385,0.0015644788969791823,0.936899975447411,1.7529823000077158
2022,9,Canadian Grand Prix,GapToLeaderSeconds_lag2,0.005023907368584195,0.0022803043825942158,0.936899975447411,1.7529823000077158
2022,9,Canadian Grand Prix,GapToLeaderSeconds_lag3,-0.0013073492447103578,0.0020077455388604554,0.936899975447411,1.7529823000077158
2022,9,Canadian Grand Prix,GapToLeaderSeconds_lag4,-0.0008238401669619458,0.0021175596620093867,0.936899975447411,1.7529823000077158
2022,9,Canadian Grand Prix,GapToCarAheadSeconds_lag0,0.001504461304991415,0.004197394598565626,0.936899975447411,1.7529823000077158
2022,9,Canadian Grand Prix,GapToCarAheadSeconds_lag1,-0.002817505167885148,0.004399240890274964,0.936899975447411,1.7529823000077158
2022,9,Canadian Grand Prix,GapToCarAheadSeconds_lag2,4.2903146999358675e-05,0.0012354261079412974,0.936899975447411,1.7529823000077158
2022,9,Canadian Grand Prix,GapToCarAheadSeconds_lag3,0.0008426031139658896,0.0003410682304847735,0.936899975447411,1.7529823000077158
2022,9,Canadian Grand Prix,GapToCarAheadSeconds_lag4,-0.004593579498259374,0.0013834215895189826,0.936899975447411,1.7529823000077158
2022,9,Canadian Grand Prix,GapToCarBehindSeconds_lag0,0.008322548351474612,0.00711184720264467,0.936899975447411,1.7529823000077158
2022,9,Canadian Grand Prix,GapToCarBehindSeconds_lag1,-0.0038471673366900308,0.0003629136836147894,0.936899975447411,1.7529823000077158
2022,9,Canadian Grand Prix,GapToCarBehindSeconds_lag2,0.006374660226211064,0.0015754963926165899,0.936899975447411,1.7529823000077158
2022,9,Canadian Grand Prix,GapToCarBehindSeconds_lag3,0.00044771271632896664,0.0014860515408967531,0.936899975447411,1.7529823000077158
2022,9,Canadian Grand Prix,GapToCarBehindSeconds_lag4,0.003666099723351931,0.0010273203664625172,0.936899975447411,1.7529823000077158
2022,9,Canadian Grand Prix,PaceToFieldSeconds_lag0,-0.0004998740826399617,0.0024684342854371486,0.936899975447411,1.7529823000077158
2022,9,Canadian Grand Prix,PaceToFieldSeconds_lag1,-0.0022233286457744583,0.0008688149175238443,0.936899975447411,1.7529823000077158
2022,9,Canadian Grand Prix,PaceToFieldSeconds_lag2,0.0015656755805285583,0.003860006424191097,0.936899975447411,1.7529823000077158
2022,9,Canadian Grand Prix,PaceToFieldSeconds_lag3,-0.007783877171891107,0.003550116537647446,0.936899975447411,1.7529823000077158
2022,9,Canadian Grand Prix,PaceToFieldSeconds_lag4,0.000735022925345182,0.0038357597405036903,0.936899975447411,1.7529823000077158
2022,9,Canadian Grand Prix,PaceToTeammateSeconds_lag0,0.0064124465015795344,0.000756984891835022,0.936899975447411,1.7529823000077158
2022,9,Canadian Grand Prix,PaceToTeammateSeconds_lag1,-0.00538457874710041,0.0023780015865719293,0.936899975447411,1.7529823000077158
2022,9,Canadian Grand Prix,PaceToTeammateSeconds_lag2,0.0015435676027731882,0.0004238330211688258,0.936899975447411,1.7529823000077158
2022,9,Canadian Grand Prix,PaceToTeammateSeconds_lag3,0.004328246078495024,0.0006324597616082969,0.936899975447411,1.7529823000077158
2022,9,Canadian Grand Prix,PaceToTeammateSeconds_lag4,-0.0027741566902209267,0.0012744045066693489,0.936899975447411,1.7529823000077158
2022,9,Canadian Grand Prix,AirTemp_lag0,0.0,0.0,0.936899975447411,1.7529823000077158
2022,9,Canadian Grand Prix,AirTemp_lag1,0.0,0.0,0.936899975447411,1.7529823000077158
2022,9,Canadian Grand Prix,AirTemp_lag2,0.0,0.0,0.936899975447411,1.7529823000077158
2022,9,Canadian Grand Prix,AirTemp_lag3,0.0,0.0,0.936899975447411,1.7529823000077158
2022,9,Canadian Grand Prix,AirTemp_lag4,-0.0009749334548232828,0.0004559833703565496,0.936899975447411,1.7529823000077158
2022,9,Canadian Grand Prix,TrackTemp_lag0,0.0,0.0,0.936899975447411,1.7529823000077158
2022,9,Canadian Grand Prix,TrackTemp_lag1,0.0,0.0,0.936899975447411,1.7529823000077158
2022,9,Canadian Grand Prix,TrackTemp_lag2,0.0,0.0,0.936899975447411,1.7529823000077158
2022,9,Canadian Grand Prix,TrackTemp_lag3,0.0,0.0,0.936899975447411,1.7529823000077158
2022,9,Canadian Grand Prix,TrackTemp_lag4,0.0,0.0,0.936899975447411,1.7529823000077158
2022,9,Canadian Grand Prix,Rainfall_lag0,0.0,0.0,0.936899975447411,1.7529823000077158
2022,9,Canadian Grand Prix,Rainfall_lag1,0.0,0.0,0.936899975447411,1.7529823000077158
2022,9,Canadian Grand Prix,Rainfall_lag2,0.0,0.0,0.936899975447411,1.7529823000077158
2022,9,Canadian Grand Prix,Rainfall_lag3,0.0,0.0,0.936899975447411,1.7529823000077158
2022,9,Canadian Grand Prix,Rainfall_lag4,0.0,0.0,0.936899975447411,1.7529823000077158
2022,9,Canadian Grand Prix,LapTimeSeconds_mean5,7.615691406592795e-05,0.0004871231896441236,0.936899975447411,1.7529823000077158
2022,9,Canadian Grand Prix,LapTimeSeconds_std5,0.027026305940135924,0.00910803794335809,0.936899975447411,1.7529823000077158
2022,9,Canadian Grand Prix,LapTimeSeconds_trend5,0.004113665723415205,0.0012352734788604572,0.936899975447411,1.7529823000077158
2022,9,Canadian Grand Prix,Sector1Seconds_mean5,0.0006017286993315422,0.0009529996443935426,0.936899975447411,1.7529823000077158
2022,9,Canadian Grand Prix,Sector1Seconds_std5,-0.0014081691280335058,0.00096097442112072,0.936899975447411,1.7529823000077158
2022,9,Canadian Grand Prix,Sector1Seconds_trend5,-0.00013203883027819904,0.003264487028778726,0.936899975447411,1.7529823000077158
2022,9,Canadian Grand Prix,Sector2Seconds_mean5,0.00010990502742462087,0.00015542918035688576,0.936899975447411,1.7529823000077158
2022,9,Canadian Grand Prix,Sector2Seconds_std5,-0.0005883765833167853,0.0005503964465127829,0.936899975447411,1.7529823000077158
2022,9,Canadian Grand Prix,Sector2Seconds_trend5,0.0035369991529258606,0.0005163244105954446,0.936899975447411,1.7529823000077158
2022,9,Canadian Grand Prix,Sector3Seconds_mean5,0.0010112042169460045,5.4018410770494154e-05,0.936899975447411,1.7529823000077158
2022,9,Canadian Grand Prix,Sector3Seconds_std5,0.002014896186697627,0.0021263540133363615,0.936899975447411,1.7529823000077158
2022,9,Canadian Grand Prix,Sector3Seconds_trend5,-0.0022978709694384167,0.001720710971248924,0.936899975447411,1.7529823000077158
2022,9,Canadian Grand Prix,Position_mean5,-0.003192653042104291,0.005155609061212677,0.936899975447411,1.7529823000077158
2022,9,Canadian Grand Prix,Position_std5,-0.007257035525039497,0.0002113751155267497,0.936899975447411,1.7529823000077158
2022,9,Canadian Grand Prix,Position_trend5,0.004589620898150219,0.002132577543341078,0.936899975447411,1.7529823000077158
2022,9,Canadian Grand Prix,TyreLife_mean5,-0.0035118061178869655,0.002033052197034102,0.936899975447411,1.7529823000077158
2022,9,Canadian Grand Prix,TyreLife_std5,5.895176516905002e-05,0.0006907054982089524,0.936899975447411,1.7529823000077158
2022,9,Canadian Grand Prix,TyreLife_trend5,-0.00010923836953276773,0.0005494348958310745,0.936899975447411,1.7529823000077158
2022,9,Canadian Grand Prix,GapToLeaderSeconds_mean5,0.0016215747456369185,0.0006368390645356352,0.936899975447411,1.7529823000077158
2022,9,Canadian Grand Prix,GapToLeaderSeconds_std5,0.0026446013060733207,0.0031231213765494812,0.936899975447411,1.7529823000077158
2022,9,Canadian Grand Prix,GapToLeaderSeconds_trend5,-0.0005850270000782309,0.0010550210553545113,0.936899975447411,1.7529823000077158
2022,9,Canadian Grand Prix,GapToCarAheadSeconds_mean5,0.0031104167626450816,0.0034291550840785463,0.936899975447411,1.7529823000077158
2022,9,Canadian Grand Prix,GapToCarAheadSeconds_std5,-0.0006072816399086411,0.0011720107580767997,0.936899975447411,1.7529823000077158
2022,9,Canadian Grand Prix,GapToCarAheadSeconds_trend5,-0.003092745134338474,0.0017687936550471544,0.936899975447411,1.7529823000077158
2022,9,Canadian Grand Prix,PaceToFieldSeconds_mean5,-0.006241879202400491,0.003099393131421228,0.936899975447411,1.7529823000077158
2022,9,Canadian Grand Prix,PaceToFieldSeconds_std5,-0.004385376742992182,0.005016120165875406,0.936899975447411,1.7529823000077158
2022,9,Canadian Grand Prix,PaceToFieldSeconds_trend5,0.0003799819647532325,0.0006769801128602702,0.936899975447411,1.7529823000077158
2022,9,Canadian Grand Prix,PaceToTeammateSeconds_mean5,0.0007234744555229359,0.0006923069171251413,0.936899975447411,1.7529823000077158
2022,9,Canadian Grand Prix,PaceToTeammateSeconds_std5,0.0006816032109490481,0.0017799420825602183,0.936899975447411,1.7529823000077158
2022,9,Canadian Grand Prix,PaceToTeammateSeconds_trend5,0.006151846141845829,0.0011306236365241586,0.936899975447411,1.7529823000077158
2022,9,Canadian Grand Prix,TrackTemp_mean5,0.0,0.0,0.936899975447411,1.7529823000077158
2022,9,Canadian Grand Prix,TrackTemp_std5,-0.0011135350240463564,0.00020771378305420069,0.936899975447411,1.7529823000077158
2022,9,Canadian Grand Prix,TrackTemp_trend5,-0.00024045913789871864,0.001000475892842568,0.936899975447411,1.7529823000077158
2023,2,Saudi Arabian Grand Prix,DriverNumber,0.018307095206580287,0.0002920406130134728,0.9073870890308517,1.8304771999828517
2023,2,Saudi Arabian Grand Prix,Driver,0.0019588663594709934,0.007895948021205206,0.9073870890308517,1.8304771999828517
2023,2,Saudi Arabian Grand Prix,Team,-0.0036054530886637424,0.0037341780993956062,0.9073870890308517,1.8304771999828517
2023,2,Saudi Arabian Grand Prix,Circuit,0.0,0.0,0.9073870890308517,1.8304771999828517
2023,2,Saudi Arabian Grand Prix,Country,0.0,0.0,0.9073870890308517,1.8304771999828517
2023,2,Saudi Arabian Grand Prix,EventFormat,0.0,0.0,0.9073870890308517,1.8304771999828517
2023,2,Saudi Arabian Grand Prix,LapNumber,0.0009028994625093212,0.0011810477365223689,0.9073870890308517,1.8304771999828517
2023,2,Saudi Arabian Grand Prix,TotalRaceLaps,0.0,0.0,0.9073870890308517,1.8304771999828517
2023,2,Saudi Arabian Grand Prix,RaceProgress,0.01573158485260377,0.007182280300158855,0.9073870890308517,1.8304771999828517
2023,2,Saudi Arabian Grand Prix,Position,0.2565794824664937,0.04611272378020917,0.9073870890308517,1.8304771999828517
2023,2,Saudi Arabian Grand Prix,GridPosition,-0.0017246730257677683,0.002397109205266629,0.9073870890308517,1.8304771999828517
2023,2,Saudi Arabian Grand Prix,QualifyingPosition,0.003934424806751251,0.0036187323314326347,0.9073870890308517,1.8304771999828517
2023,2,Saudi Arabian Grand Prix,QualifyingDeltaToPoleSeconds,-0.0009582306907701676,0.002728774629611003,0.9073870890308517,1.8304771999828517
2023,2,Saudi Arabian Grand Prix,DriverSeasonAvgFinish,-0.0004165186739945777,0.0012311506914930127,0.9073870890308517,1.8304771999828517
2023,2,Saudi Arabian Grand Prix,DriverSeasonMedianFinish,0.001088121235015893,0.0004895786944159213,0.9073870890308517,1.8304771999828517
2023,2,Saudi Arabian Grand Prix,DriverRecent3AvgFinish,-0.0014117066517782921,0.0017606014690587557,0.9073870890308517,1.8304771999828517
2023,2,Saudi Arabian Grand Prix,DriverSeasonBestFinish,0.0031232561993902452,0.001892747588579879,0.9073870890308517,1.8304771999828517
2023,2,Saudi Arabian Grand Prix,DriverSeasonDNFRate,0.00013165416729650956,0.0007208749799445267,0.9073870890308517,1.8304771999828517
2023,2,Saudi Arabian Grand Prix,DriverSeasonAvgPositionGain,-0.0033446450336264144,0.002018786569668153,0.9073870890308517,1.8304771999828517
2023,2,Saudi Arabian Grand Prix,DriverCircuitAvgFinish,-0.0018865609958892045,0.0006792004752332357,0.9073870890308517,1.8304771999828517
2023,2,Saudi Arabian Grand Prix,DriverCircuitLastFinish,0.0,0.0,0.9073870890308517,1.8304771999828517
2023,2,Saudi Arabian Grand Prix,DriverCircuitBestFinish,0.0017857735400444625,0.00196260845817653,0.9073870890308517,1.8304771999828517
2023,2,Saudi Arabian Grand Prix,DriverCircuitAvgPositionGain,-0.0006640537663801608,0.0005095942094817341,0.9073870890308517,1.8304771999828517
2023,2,Saudi Arabian Grand Prix,DriverCircuitAvgQualifyingPosition,-0.004973085332721931,0.0003084634547961616,0.9073870890308517,1.8304771999828517
2023,2,Saudi Arabian Grand Prix,DriverCircuitStarts,-7.529060304634072e-05,0.00010647699194738412,0.9073870890308517,1.8304771999828517
2023,2,Saudi Arabian Grand Prix,TeamSeasonAvgFinish,-0.002898870392791353,0.0038718660553700487,0.9073870890308517,1.8304771999828517
2023,2,Saudi Arabian Grand Prix,TeamRecent3AvgFinish,0.0009350573996829888,0.0002906315092074799,0.9073870890308517,1.8304771999828517
2023,2,Saudi Arabian Grand Prix,TeamSeasonDNFRate,-0.0008256347647028391,0.0014145258411220778,0.9073870890308517,1.8304771999828517
2023,2,Saudi Arabian Grand Prix,TeamCircuitAvgFinish,-0.0011411188523457645,0.0013952320617907816,0.9073870890308517,1.8304771999828517
2023,2,Saudi Arabian Grand Prix,TeamCircuitAvgQualifyingPosition,0.00016089772831236657,0.0013071609683767888,0.9073870890308517,1.8304771999828517
2023,2,Saudi Arabian Grand Prix,Stint,0.0013549985208635522,0.010008819560873385,0.9073870890308517,1.8304771999828517
2023,2,Saudi Arabian Grand Prix,Compound,-0.01672938393994065,0.01013248405054172,0.9073870890308517,1.8304771999828517
2023,2,Saudi Arabian Grand Prix,FreshTyre,-0.0005915264321399253,0.0002910890749365711,0.9073870890308517,1.8304771999828517
2023,2,Saudi Arabian Grand Prix,TyreLife,0.023251313305423776,0.010961408381798243,0.9073870890308517,1.8304771999828517
2023,2,Saudi Arabian Grand Prix,TrackStatus,-0.0004215608838792721,0.004133273741134031,0.9073870890308517,1.8304771999828517
2023,2,Saudi Arabian Grand Prix,PitThisLap,0.007435052397187669,0.007958356602597274,0.9073870890308517,1.8304771999828517
2023,2,Saudi Arabian Grand Prix,SafetyCarThisLap,0.0,0.0,0.9073870890308517,1.8304771999828517
2023,2,Saudi Arabian Grand Prix,PitLapsLast5,-0.0038667890571949157,0.004659495048190717,0.9073870890308517,1.8304771999828517
2023,2,Saudi Arabian Grand Prix,SafetyCarLapsLast5,-4.602088485898085e-05,0.0005898441685837922,0.9073870890308517,1.8304771999828517
2023,2,Saudi Arabian Grand Prix,CompoundChangedLast5,0.0003562724246809849,0.00013427925916833366,0.9073870890308517,1.8304771999828517
2023,2,Saudi Arabian Grand Prix,LapTimeSeconds_lag0,-0.0009563594421339028,0.0013732354858516206,0.9073870890308517,1.8304771999828517
2023,2,Saudi Arabian Grand Prix,LapTimeSeconds_lag1,-0.0006311950912237055,0.0004713617713920565,0.9073870890308517,1.8304771999828517
2023,2,Saudi Arabian Grand Prix,LapTimeSeconds_lag2,0.0006395227581156663,0.000704389967472671,0.9073870890308517,1.8304771999828517
2023,2,Saudi Arabian Grand Prix,LapTimeSeconds_lag3,0.0003183940306126602,0.0004797388515944565,0.9073870890308517,1.8304771999828517
2023,2,Saudi Arabian Grand Prix,LapTimeSeconds_lag4,0.00018491688643422025,0.00015098400552953785,0.9073870890308517,1.8304771999828517
2023,2,Saudi Arabian Grand Prix,Sector1Seconds_lag0,0.0070653840997043265,0.016180056955014524,0.9073870890308517,1.8304771999828517
2023,2,Saudi Arabian Grand Prix,Sector1Seconds_lag1,-0.0009855755407120654,0.00047696431552805965,0.9073870890308517,1.8304771999828517
2023,2,Saudi Arabian Grand Prix,Sector1Seconds_lag2,-0.000886235925995571,0.0001491462974145696,0.9073870890308517,1.8304771999828517
2023,2,Saudi Arabian Grand Prix,Sector1Seconds_lag3,-7.850913689977368e-05,0.0003990263700949896,0.9073870890308517,1.8304771999828517
2023,2,Saudi Arabian Grand Prix,Sector1Seconds_lag4,-2.2729217966458808e-05,0.0012868434220074676,0.9073870890308517,1.8304771999828517
2023,2,Saudi Arabian Grand Prix,Sector2Seconds_lag0,0.0014308372181828604,0.0016635940751255774,0.9073870890308517,1.8304771999828517
2023,2,Saudi Arabian Grand Prix,Sector2Seconds_lag1,-0.0005398848304188167,0.0005213156164524038,0.9073870890308517,1.8304771999828517
2023,2,Saudi Arabian Grand Prix,Sector2Seconds_lag2,2.718697292033075e-06,0.00016342381572841423,0.9073870890308517,1.8304771999828517
2023,2,Saudi Arabian Grand Prix,Sector2Seconds_lag3,0.00044848299782029866,0.00016314284694062364,0.9073870890308517,1.8304771999828517
2023,2,Saudi Arabian Grand Prix,Sector2Seconds_lag4,0.0016111310998967825,0.0008167040678235147,0.9073870890308517,1.8304771999828517
2023,2,Saudi Arabian Grand Prix,Sector3Seconds_lag0,-0.00016679248139957656,0.0013180179070544514,0.9073870890308517,1.8304771999828517
2023,2,Saudi Arabian Grand Prix,Sector3Seconds_lag1,0.0007467992062245946,0.0013872023858709393,0.9073870890308517,1.8304771999828517
2023,2,Saudi Arabian Grand Prix,Sector3Seconds_lag2,0.0,0.0,0.9073870890308517,1.8304771999828517
2023,2,Saudi Arabian Grand Prix,Sector3Seconds_lag3,0.00021417853403205012,0.0001514672799684958,0.9073870890308517,1.8304771999828517
2023,2,Saudi Arabian Grand Prix,Sector3Seconds_lag4,0.0,0.0,0.9073870890308517,1.8304771999828517
2023,2,Saudi Arabian Grand Prix,Position_lag0,0.0,0.0,0.9073870890308517,1.8304771999828517
2023,2,Saudi Arabian Grand Prix,Position_lag1,0.0018022403782550118,0.010509065364253587,0.9073870890308517,1.8304771999828517
2023,2,Saudi Arabian Grand Prix,Position_lag2,-0.00405091041652154,0.0028048313803109163,0.9073870890308517,1.8304771999828517
2023,2,Saudi Arabian Grand Prix,Position_lag3,-0.0014056339394014443,0.0005457790757115496,0.9073870890308517,1.8304771999828517
2023,2,Saudi Arabian Grand Prix,Position_lag4,0.00504094084112483,0.0028879757027337233,0.9073870890308517,1.8304771999828517
2023,2,Saudi Arabian Grand Prix,TyreLife_lag0,0.0,0.0,0.9073870890308517,1.8304771999828517
2023,2,Saudi Arabian Grand Prix,TyreLife_lag1,0.001412189625465447,0.0006022120282969045,0.9073870890308517,1.8304771999828517
2023,2,Saudi Arabian Grand Prix,TyreLife_lag2,-0.00023402912983272461,0.00046591454359743735,0.9073870890308517,1.8304771999828517
2023,2,Saudi Arabian Grand Prix,TyreLife_lag3,-0.00035355385076807355,0.0012056647808639256,0.9073870890308517,1.8304771999828517
2023,2,Saudi Arabian Grand Prix,TyreLife_lag4,0.0029627286738629723,0.0010063384981197963,0.9073870890308517,1.8304771999828517
2023,2,Saudi Arabian Grand Prix,DRSActivePct_lag0,-0.005400007650801508,0.006582679162017424,0.9073870890308517,1.8304771999828517
2023,2,Saudi Arabian Grand Prix,DRSActivePct_lag1,0.0025631360121622557,0.0019702074868012875,0.9073870890308517,1.8304771999828517
2023,2,Saudi Arabian Grand Prix,DRSActivePct_lag2,-0.002055502228523798,0.005202947688277989,0.9073870890308517,1.8304771999828517
2023,2,Saudi Arabian Grand Prix,DRSActivePct_lag3,0.00198395936510698,0.0006138347415607717,0.9073870890308517,1.8304771999828517
2023,2,Saudi Arabian Grand Prix,DRSActivePct_lag4,0.0006138092312221918,0.002269358511067718,0.9073870890308517,1.8304771999828517
2023,2,Saudi Arabian Grand Prix,GapToLeaderSeconds_lag0,0.002863575556079153,0.0015122470946410517,0.9073870890308517,1.8304771999828517
2023,2,Saudi Arabian Grand Prix,GapToLeaderSeconds_lag1,-0.0018872716233601465,0.0005134742245840091,0.9073870890308517,1.8304771999828517
2023,2,Saudi Arabian Grand Prix,GapToLeaderSeconds_lag2,0.0012708368909561212,0.0004034839659712533,0.9073870890308517,1.8304771999828517
2023,2,Saudi Arabian Grand Prix,GapToLeaderSeconds_lag3,0.0011292620420060666,0.0008130891676130127,0.9073870890308517,1.8304771999828517
2023,2,Saudi Arabian Grand Prix,GapToLeaderSeconds_lag4,-0.003451984629476934,0.0016220570924294522,0.9073870890308517,1.8304771999828517
2023,2,Saudi Arabian Grand Prix,GapToCarAheadSeconds_lag0,0.022864608802600994,0.01626234361820869,0.9073870890308517,1.8304771999828517
2023,2,Saudi Arabian Grand Prix,GapToCarAheadSeconds_lag1,0.004238769130144242,0.007613250778175085,0.9073870890308517,1.8304771999828517
2023,2,Saudi Arabian Grand Prix,GapToCarAheadSeconds_lag2,-0.0005176412476551132,0.0011293570790646746,0.9073870890308517,1.8304771999828517
2023,2,Saudi Arabian Grand Prix,GapToCarAheadSeconds_lag3,-0.001081039835707176,0.0024817704630215928,0.9073870890308517,1.8304771999828517
2023,2,Saudi Arabian Grand Prix,GapToCarAheadSeconds_lag4,0.00951810587711921,0.005529631797617734,0.9073870890308517,1.8304771999828517
2023,2,Saudi Arabian Grand Prix,GapToCarBehindSeconds_lag0,0.07788008080637494,0.04086666876670893,0.9073870890308517,1.8304771999828517
2023,2,Saudi Arabian Grand Prix,GapToCarBehindSeconds_lag1,-0.001269804826295684,0.0015992280111564979,0.9073870890308517,1.8304771999828517
2023,2,Saudi Arabian Grand Prix,GapToCarBehindSeconds_lag2,0.00018454591765378522,0.0039619419019231265,0.9073870890308517,1.8304771999828517
2023,2,Saudi Arabian Grand Prix,GapToCarBehindSeconds_lag3,-0.0004325513811139399,0.002363327564546896,0.9073870890308517,1.8304771999828517
2023,2,Saudi Arabian Grand Prix,GapToCarBehindSeconds_lag4,0.0027036430510191853,0.002162689950804816,0.9073870890308517,1.8304771999828517
2023,2,Saudi Arabian Grand Prix,PaceToFieldSeconds_lag0,0.02233353877234027,0.014857809461599631,0.9073870890308517,1.8304771999828517
2023,2,Saudi Arabian Grand Prix,PaceToFieldSeconds_lag1,0.011724607101697723,0.010037529940075809,0.9073870890308517,1.8304771999828517
2023,2,Saudi Arabian Grand Prix,PaceToFieldSeconds_lag2,0.009621967350293562,0.0028648260390597667,0.9073870890308517,1.8304771999828517
2023,2,Saudi Arabian Grand Prix,PaceToFieldSeconds_lag3,0.0005682145605580743,0.0041539664807648535,0.9073870890308517,1.8304771999828517
2023,2,Saudi Arabian Grand Prix,PaceToFieldSeconds_lag4,0.005857342861900723,0.0029391701026693267,0.9073870890308517,1.8304771999828517
2023,2,Saudi Arabian Grand Prix,PaceToTeammateSeconds_lag0,-0.004185545157130839,0.0028264135166840005,0.9073870890308517,1.8304771999828517
2023,2,Saudi Arabian Grand Prix,PaceToTeammateSeconds_lag1,-8.502677021008746e-05,0.002000365917464455,0.9073870890308517,1.8304771999828517
2023,2,Saudi Arabian Grand Prix,PaceToTeammateSeconds_lag2,-0.005585357649242432,0.0012040072592156262,0.9073870890308517,1.8304771999828517
2023,2,Saudi Arabian Grand Prix,PaceToTeammateSeconds_lag3,0.004450025128798625,0.0017073414686705002,0.9073870890308517,1.8304771999828517
2023,2,Saudi Arabian Grand Prix,PaceToTeammateSeconds_lag4,0.001925222740710571,0.001932879515694594,0.9073870890308517,1.8304771999828517
2023,2,Saudi Arabian Grand Prix,AirTemp_lag0,0.0,0.0,0.9073870890308517,1.8304771999828517
2023,2,Saudi Arabian Grand Prix,AirTemp_lag1,0.00019000248671748507,0.0002687040936004812,0.9073870890308517,1.8304771999828517
2023,2,Saudi Arabian Grand Prix,AirTemp_lag2,0.0,0.0,0.9073870890308517,1.8304771999828517
2023,2,Saudi Arabian Grand Prix,AirTemp_lag3,-7.401486830834377e-17,9.139451049029136e-05,0.9073870890308517,1.8304771999828517
2023,2,Saudi Arabian Grand Prix,AirTemp_lag4,-0.00028278265838902844,0.00019995753534868393,0.9073870890308517,1.8304771999828517
2023,2,Saudi Arabian Grand Prix,TrackTemp_lag0,0.0,0.0,0.9073870890308517,1.8304771999828517
2023,2,Saudi Arabian Grand Prix,TrackTemp_lag1,0.0,0.0,0.9073870890308517,1.8304771999828517
2023,2,Saudi Arabian Grand Prix,TrackTemp_lag2,0.0,0.0,0.9073870890308517,1.8304771999828517
2023,2,Saudi Arabian Grand Prix,TrackTemp_lag3,0.0,0.0,0.9073870890308517,1.8304771999828517
2023,2,Saudi Arabian Grand Prix,TrackTemp_lag4,0.0,0.0,0.9073870890308517,1.8304771999828517
2023,2,Saudi Arabian Grand Prix,Rainfall_lag0,0.0,0.0,0.9073870890308517,1.8304771999828517
2023,2,Saudi Arabian Grand Prix,Rainfall_lag1,0.0,0.0,0.9073870890308517,1.8304771999828517
2023,2,Saudi Arabian Grand Prix,Rainfall_lag2,0.0,0.0,0.9073870890308517,1.8304771999828517
2023,2,Saudi Arabian Grand Prix,Rainfall_lag3,0.0,0.0,0.9073870890308517,1.8304771999828517
2023,2,Saudi Arabian Grand Prix,Rainfall_lag4,0.0,0.0,0.9073870890308517,1.8304771999828517
2023,2,Saudi Arabian Grand Prix,LapTimeSeconds_mean5,0.0015615604802033205,0.0016088486003564125,0.9073870890308517,1.8304771999828517
2023,2,Saudi Arabian Grand Prix,LapTimeSeconds_std5,0.009062148412436763,0.002387474290806901,0.9073870890308517,1.8304771999828517
2023,2,Saudi Arabian Grand Prix,LapTimeSeconds_trend5,-0.002134524172081894,0.00562544251283942,0.9073870890308517,1.8304771999828517
2023,2,Saudi Arabian Grand Prix,Sector1Seconds_mean5,-0.001800394781432087,0.0025133476882116972,0.9073870890308517,1.8304771999828517
2023,2,Saudi Arabian Grand Prix,Sector1Seconds_std5,-0.0023538571773756103,0.0009771910534249481,0.9073870890308517,1.8304771999828517
2023,2,Saudi Arabian Grand Prix,Sector1Seconds_trend5,0.00021580877292855702,0.0045511480543910824,0.9073870890308517,1.8304771999828517
2023,2,Saudi Arabian Grand Prix,Sector2Seconds_mean5,0.0,0.0,0.9073870890308517,1.8304771999828517
2023,2,Saudi Arabian Grand Prix,Sector2Seconds_std5,-0.0004505639566377839,0.0015394633957297313,0.9073870890308517,1.8304771999828517
2023,2,Saudi Arabian Grand Prix,Sector2Seconds_trend5,-0.0015141326337249073,0.0016822906092514862,0.9073870890308517,1.8304771999828517
2023,2,Saudi Arabian Grand Prix,Sector3Seconds_mean5,0.0,0.0,0.9073870890308517,1.8304771999828517
2023,2,Saudi Arabian Grand Prix,Sector3Seconds_std5,-0.0033761398898388695,0.0015957805676554064,0.9073870890308517,1.8304771999828517
2023,2,Saudi Arabian Grand Prix,Sector3Seconds_trend5,-0.0019715173026149855,0.0012367089168278844,0.9073870890308517,1.8304771999828517
2023,2,Saudi Arabian Grand Prix,Position_mean5,0.010251297575919879,0.008939304681222258,0.9073870890308517,1.8304771999828517
2023,2,Saudi Arabian Grand Prix,Position_std5,0.004688904156857372,0.0027860475370044256,0.9073870890308517,1.8304771999828517
2023,2,Saudi Arabian Grand Prix,Position_trend5,0.0051320881579436746,0.002785341163370147,0.9073870890308517,1.8304771999828517
2023,2,Saudi Arabian Grand Prix,TyreLife_mean5,0.002908795850620094,0.001584829622461025,0.9073870890308517,1.8304771999828517
2023,2,Saudi Arabian Grand Prix,TyreLife_std5,-0.0006493017357006211,0.00029279955750269006,0.9073870890308517,1.8304771999828517
2023,2,Saudi Arabian Grand Prix,TyreLife_trend5,0.0,0.0,0.9073870890308517,1.8304771999828517
2023,2,Saudi Arabian Grand Prix,GapToLeaderSeconds_mean5,0.0016785164241418145,0.00296583698557918,0.9073870890308517,1.8304771999828517
2023,2,Saudi Arabian Grand Prix,GapToLeaderSeconds_std5,-0.0004905420993547663,0.003337789124151437,0.9073870890308517,1.8304771999828517
2023,2,Saudi Arabian Grand Prix,GapToLeaderSeconds_trend5,0.0005226723564890623,0.0029992260614043983,0.9073870890308517,1.8304771999828517
2023,2,Saudi Arabian Grand Prix,GapToCarAheadSeconds_mean5,0.0013819407340442218,0.002202124684775412,0.9073870890308517,1.8304771999828517
2023,2,Saudi Arabian Grand Prix,GapToCarAheadSeconds_std5,-0.004055587495821282,0.0039286961997460545,0.9073870890308517,1.8304771999828517
2023,2,Saudi Arabian Grand Prix,GapToCarAheadSeconds_trend5,0.004299750326630584,0.003626761661085826,0.9073870890308517,1.8304771999828517
2023,2,Saudi Arabian Grand Prix,PaceToFieldSeconds_mean5,-0.0022382336000383494,0.0049548641806337335,0.9073870890308517,1.8304771999828517
2023,2,Saudi Arabian Grand Prix,PaceToFieldSeconds_std5,0.0002887325928466004,0.0012184103433592662,0.9073870890308517,1.8304771999828517
2023,2,Saudi Arabian Grand Prix,PaceToFieldSeconds_trend5,0.0025429890161802193,0.002497770623576492,0.9073870890308517,1.8304771999828517
2023,2,Saudi Arabian Grand Prix,PaceToTeammateSeconds_mean5,-0.004387719645964887,0.0019585682973975874,0.9073870890308517,1.8304771999828517
2023,2,Saudi Arabian Grand Prix,PaceToTeammateSeconds_std5,-0.0009091253485775294,0.001077232458035724,0.9073870890308517,1.8304771999828517
2023,2,Saudi Arabian Grand Prix,PaceToTeammateSeconds_trend5,-0.001583404906237725,0.0021134663423383587,0.9073870890308517,1.8304771999828517
2023,2,Saudi Arabian Grand Prix,TrackTemp_mean5,0.0,0.0,0.9073870890308517,1.8304771999828517
2023,2,Saudi Arabian Grand Prix,TrackTemp_std5,0.0012265331734544471,0.0013547887377572928,0.9073870890308517,1.8304771999828517
2023,2,Saudi Arabian Grand Prix,TrackTemp_trend5,-5.060516989770688e-05,0.0008465875087884983,0.9073870890308517,1.8304771999828517
2023,18,United States Grand Prix,DriverNumber,0.012269098002736012,0.010684905575530547,1.2018932986843658,1.7306801999220625
2023,18,United States Grand Prix,Driver,-0.005333108897961718,0.0031882820496480866,1.2018932986843658,1.7306801999220625
2023,18,United States Grand Prix,Team,0.0037017610818068647,0.006407216260582002,1.2018932986843658,1.7306801999220625
2023,18,United States Grand Prix,Circuit,0.0,0.0,1.2018932986843658,1.7306801999220625
2023,18,United States Grand Prix,Country,0.0,0.0,1.2018932986843658,1.7306801999220625
2023,18,United States Grand Prix,EventFormat,0.0,0.0,1.2018932986843658,1.7306801999220625
2023,18,United States Grand Prix,LapNumber,0.0026334774986136456,0.0021046998735866997,1.2018932986843658,1.7306801999220625
2023,18,United States Grand Prix,TotalRaceLaps,0.0,0.0,1.2018932986843658,1.7306801999220625
2023,18,United States Grand Prix,RaceProgress,0.014938295729587825,0.0029070406711754148,1.2018932986843658,1.7306801999220625
2023,18,United States Grand Prix,Position,0.3762076671288284,0.07227830618784818,1.2018932986843658,1.7306801999220625
2023,18,United States Grand Prix,GridPosition,-0.0022350698733971295,0.001894456075634305,1.2018932986843658,1.7306801999220625
2023,18,United States Grand Prix,QualifyingPosition,0.004516850375608413,0.0011150421693091929,1.2018932986843658,1.7306801999220625
2023,18,United States Grand Prix,QualifyingDeltaToPoleSeconds,-0.005375843342821114,0.008264561145138167,1.2018932986843658,1.7306801999220625
2023,18,United States Grand Prix,DriverSeasonAvgFinish,-0.0019704229397109843,0.00045334059757777106,1.2018932986843658,1.7306801999220625
2023,18,United States Grand Prix,DriverSeasonMedianFinish,-0.0026406043979202063,0.0006597559492235796,1.2018932986843658,1.7306801999220625
2023,18,United States Grand Prix,DriverRecent3AvgFinish,-0.0013465727267391407,0.0015166218087610582,1.2018932986843658,1.7306801999220625
2023,18,United States Grand Prix,DriverSeasonBestFinish,-0.00123412080835202,0.0007118447944248243,1.2018932986843658,1.7306801999220625
2023,18,United States Grand Prix,DriverSeasonDNFRate,0.0009014573892673164,0.0003276543520213746,1.2018932986843658,1.7306801999220625
2023,18,United States Grand Prix,DriverSeasonAvgPositionGain,0.0016328074641024,0.0010660076929990955,1.2018932986843658,1.7306801999220625
2023,18,United States Grand Prix,DriverCircuitAvgFinish,0.0007881201071409105,0.0003656453764332245,1.2018932986843658,1.7306801999220625
2023,18,United States Grand Prix,DriverCircuitLastFinish,-0.00012766836472769919,0.000645586596518538,1.2018932986843658,1.7306801999220625
2023,18,United States Grand Prix,DriverCircuitBestFinish,-0.0036673832410090146,0.0057790045778996265,1.2018932986843658,1.7306801999220625
2023,18,United States Grand Prix,DriverCircuitAvgPositionGain,0.0005740005094219125,0.0002632297542358034,1.2018932986843658,1.7306801999220625
2023,18,United States Grand Prix,DriverCircuitAvgQualifyingPosition,0.0015702350782677381,0.0014262685090358324,1.2018932986843658,1.7306801999220625
2023,18,United States Grand Prix,DriverCircuitStarts,5.689286963058334e-05,0.00022737154027939924,1.2018932986843658,1.7306801999220625
2023,18,United States Grand Prix,TeamSeasonAvgFinish,0.010994582558614777,0.005662234581236312,1.2018932986843658,1.7306801999220625
2023,18,United States Grand Prix,TeamRecent3AvgFinish,0.0006724353376942697,0.001017940277626144,1.2018932986843658,1.7306801999220625
2023,18,United States Grand Prix,TeamSeasonDNFRate,0.002279321780334002,0.000640081852349026,1.2018932986843658,1.7306801999220625
2023,18,United States Grand Prix,TeamCircuitAvgFinish,0.0007605902461302883,0.0010103132315740424,1.2018932986843658,1.7306801999220625
2023,18,United States Grand Prix,TeamCircuitAvgQualifyingPosition,0.0017386875319848432,0.0019366961886640812,1.2018932986843658,1.7306801999220625
2023,18,United States Grand Prix,Stint,0.03218386277226918,0.004048792938349095,1.2018932986843658,1.7306801999220625
2023,18,United States Grand Prix,Compound,-0.003860327777328143,0.004566423790389822,1.2018932986843658,1.7306801999220625
2023,18,United States Grand Prix,FreshTyre,0.0001573114834556577,0.0006203165035974857,1.2018932986843658,1.7306801999220625
2023,18,United States Grand Prix,TyreLife,0.08339826240218577,0.0034053265699593503,1.2018932986843658,1.7306801999220625
2023,18,United States Grand Prix,TrackStatus,0.0,0.0,1.2018932986843658,1.7306801999220625
2023,18,United States Grand Prix,PitThisLap,0.06234340008249828,0.021823830679128905,1.2018932986843658,1.7306801999220625
2023,18,United States Grand Prix,SafetyCarThisLap,0.0,0.0,1.2018932986843658,1.7306801999220625
2023,18,United States Grand Prix,PitLapsLast5,0.007660489138596294,0.0008488325808417304,1.2018932986843658,1.7306801999220625
2023,18,United States Grand Prix,SafetyCarLapsLast5,0.0,0.0,1.2018932986843658,1.7306801999220625
2023,18,United States Grand Prix,CompoundChangedLast5,0.0,0.0,1.2018932986843658,1.7306801999220625
2023,18,United States Grand Prix,LapTimeSeconds_lag0,-0.00031258196425606083,0.00019577402279181898,1.2018932986843658,1.7306801999220625
2023,18,United States Grand Prix,LapTimeSeconds_lag1,-7.577821348044485e-06,1.0716657723644881e-05,1.2018932986843658,1.7306801999220625
2023,18,United States Grand Prix,LapTimeSeconds_lag2,0.0,0.0,1.2018932986843658,1.7306801999220625
2023,18,United States Grand Prix,LapTimeSeconds_lag3,0.0003272474626549264,0.0010466998177556227,1.2018932986843658,1.7306801999220625
2023,18,United States Grand Prix,LapTimeSeconds_lag4,0.0003031086121555819,0.00021433015509125512,1.2018932986843658,1.7306801999220625
2023,18,United States Grand Prix,Sector1Seconds_lag0,0.0002600563783021019,0.00033114602226783394,1.2018932986843658,1.7306801999220625
2023,18,United States Grand Prix,Sector1Seconds_lag1,-0.0007285145403825855,0.00018301771767037625,1.2018932986843658,1.7306801999220625
2023,18,United States Grand Prix,Sector1Seconds_lag2,0.0007005506251457719,0.0005667370768371882,1.2018932986843658,1.7306801999220625
2023,18,United States Grand Prix,Sector1Seconds_lag3,0.001086084263112852,0.0,1.2018932986843658,1.7306801999220625
2023,18,United States Grand Prix,Sector1Seconds_lag4,0.0004703332888863117,0.00027212050430845913,1.2018932986843658,1.7306801999220625
2023,18,United States Grand Prix,Sector2Seconds_lag0,0.0,0.0,1.2018932986843658,1.7306801999220625
2023,18,United States Grand Prix,Sector2Seconds_lag1,0.0,0.0,1.2018932986843658,1.7306801999220625
2023,18,United States Grand Prix,Sector2Seconds_lag2,0.0,0.0,1.2018932986843658,1.7306801999220625
2023,18,United States Grand Prix,Sector2Seconds_lag3,0.0005632552735103472,0.0011340973186690201,1.2018932986843658,1.7306801999220625
2023,18,United States Grand Prix,Sector2Seconds_lag4,0.0,0.0,1.2018932986843658,1.7306801999220625
2023,18,United States Grand Prix,Sector3Seconds_lag0,-0.0001969844238659905,0.00013928902190376706,1.2018932986843658,1.7306801999220625
2023,18,United States Grand Prix,Sector3Seconds_lag1,0.00041004300836355867,0.0009277712666734975,1.2018932986843658,1.7306801999220625
2023,18,United States Grand Prix,Sector3Seconds_lag2,0.0,0.0,1.2018932986843658,1.7306801999220625
2023,18,United States Grand Prix,Sector3Seconds_lag3,0.0,0.0,1.2018932986843658,1.7306801999220625
2023,18,United States Grand Prix,Sector3Seconds_lag4,0.0,0.0,1.2018932986843658,1.7306801999220625
2023,18,United States Grand Prix,Position_lag0,0.0,0.0,1.2018932986843658,1.7306801999220625
2023,18,United States Grand Prix,Position_lag1,0.010836550176706483,0.00217759454128487,1.2018932986843658,1.7306801999220625
2023,18,United States Grand Prix,Position_lag2,0.007146745398227831,0.0025437384375279174,1.2018932986843658,1.7306801999220625
2023,18,United States Grand Prix,Position_lag3,0.0016649352573003817,0.0018662024395959727,1.2018932986843658,1.7306801999220625
2023,18,United States Grand Prix,Position_lag4,0.007796871225230244,0.0020571798586175066,1.2018932986843658,1.7306801999220625
2023,18,United States Grand Prix,TyreLife_lag0,0.0,0.0,1.2018932986843658,1.7306801999220625
2023,18,United States Grand Prix,TyreLife_lag1,-4.007986922741994e-05,0.0008387230734322229,1.2018932986843658,1.7306801999220625
2023,18,United States Grand Prix,TyreLife_lag2,0.0013093224535611903,0.000376258233572976,1.2018932986843658,1.7306801999220625
2023,18,United States Grand Prix,TyreLife_lag3,0.0,0.0,1.2018932986843658,1.7306801999220625
2023,18,United States Grand Prix,TyreLife_lag4,0.00017466111399877526,0.0006010440476505464,1.2018932986843658,1.7306801999220625
2023,18,United States Grand Prix,DRSActivePct_lag0,0.005716421016395727,0.001399891637445168,1.2018932986843658,1.7306801999220625
2023,18,United States Grand Prix,DRSActivePct_lag1,0.0012579324413954929,0.0011874596526458678,1.2018932986843658,1.7306801999220625
2023,18,United States Grand Prix,DRSActivePct_lag2,0.0036582539710895054,0.0013689713838756696,1.2018932986843658,1.7306801999220625
2023,18,United States Grand Prix,DRSActivePct_lag3,0.00015250336831681052,0.0014278566840323923,1.2018932986843658,1.7306801999220625
2023,18,United States Grand Prix,DRSActivePct_lag4,-0.0003398675580698433,0.00041606497151287054,1.2018932986843658,1.7306801999220625
2023,18,United States Grand Prix,GapToLeaderSeconds_lag0,0.01111601062194382,0.00023170220607535345,1.2018932986843658,1.7306801999220625
2023,18,United States Grand Prix,GapToLeaderSeconds_lag1,0.0036196492713674497,0.0019976161725760973,1.2018932986843658,1.7306801999220625
2023,18,United States Grand Prix,GapToLeaderSeconds_lag2,0.01231819584312599,0.0035158364011302233,1.2018932986843658,1.7306801999220625
2023,18,United States Grand Prix,GapToLeaderSeconds_lag3,0.0030560941670568407,0.0025471748980603385,1.2018932986843658,1.7306801999220625
2023,18,United States Grand Prix,GapToLeaderSeconds_lag4,-0.006408748616968089,0.0005424706884613604,1.2018932986843658,1.7306801999220625
2023,18,United States Grand Prix,GapToCarAheadSeconds_lag0,0.04820360458446656,0.007823979895453907,1.2018932986843658,1.7306801999220625
2023,18,United States Grand Prix,GapToCarAheadSeconds_lag1,0.008833089472973862,0.003165487241612889,1.2018932986843658,1.7306801999220625
2023,18,United States Grand Prix,GapToCarAheadSeconds_lag2,0.00023670549003155608,0.0011502437268191693,1.2018932986843658,1.7306801999220625
2023,18,United States Grand Prix,GapToCarAheadSeconds_lag3,0.00211521991591875,0.00046693159632105603,1.2018932986843658,1.7306801999220625
2023,18,United States Grand Prix,GapToCarAheadSeconds_lag4,0.005870324748266616,0.00443830528215467,1.2018932986843658,1.7306801999220625
2023,18,United States Grand Prix,GapToCarBehindSeconds_lag0,0.03654557272785297,0.0016529569758292355,1.2018932986843658,1.7306801999220625
2023,18,United States Grand Prix,GapToCarBehindSeconds_lag1,0.0005007705212546713,0.0004817156941406364,1.2018932986843658,1.7306801999220625
2023,18,United States Grand Prix,GapToCarBehindSeconds_lag2,-0.003647356809973449,0.0037218160486210154,1.2018932986843658,1.7306801999220625
2023,18,United States Grand Prix,GapToCarBehindSeconds_lag3,0.0004450395704556076,0.000904270551117252,1.2018932986843658,1.7306801999220625
2023,18,United States Grand Prix,GapToCarBehindSeconds_lag4,0.002284660749764411,0.00033104939522717226,1.2018932986843658,1.7306801999220625
2023,18,United States Grand Prix,PaceToFieldSeconds_lag0,0.0683471241380585,0.01623209572946731,1.2018932986843658,1.7306801999220625
2023,18,United States Grand Prix,PaceToFieldSeconds_lag1,-0.0012622850177257394,0.010835952785016896,1.2018932986843658,1.7306801999220625
2023,18,United States Grand Prix,PaceToFieldSeconds_lag2,0.004732116792835657,0.0057993239621534284,1.2018932986843658,1.7306801999220625
2023,18,United States Grand Prix,PaceToFieldSeconds_lag3,0.0034584340829795224,0.0075890665141631055,1.2018932986843658,1.7306801999220625
2023,18,United States Grand Prix,PaceToFieldSeconds_lag4,-0.000942993094149506,0.002064916738278649,1.2018932986843658,1.7306801999220625
2023,18,United States Grand Prix,PaceToTeammateSeconds_lag0,-0.0006888586820522994,0.003247032960401424,1.2018932986843658,1.7306801999220625
2023,18,United States Grand Prix,PaceToTeammateSeconds_lag1,0.005279115420038301,0.002907956720734869,1.2018932986843658,1.7306801999220625
2023,18,United States Grand Prix,PaceToTeammateSeconds_lag2,-0.003093189687351764,0.0018404674486232526,1.2018932986843658,1.7306801999220625
2023,18,United States Grand Prix,PaceToTeammateSeconds_lag3,0.0046071974518531915,0.0020123729098177417,1.2018932986843658,1.7306801999220625
2023,18,United States Grand Prix,PaceToTeammateSeconds_lag4,-0.0038262155524993644,0.0005758366626003554,1.2018932986843658,1.7306801999220625
2023,18,United States Grand Prix,AirTemp_lag0,-0.0070591098795801015,0.0023352780820995603,1.2018932986843658,1.7306801999220625
2023,18,United States Grand Prix,AirTemp_lag1,0.0,0.0,1.2018932986843658,1.7306801999220625
2023,18,United States Grand Prix,AirTemp_lag2,0.0,0.0,1.2018932986843658,1.7306801999220625
2023,18,United States Grand Prix,AirTemp_lag3,0.0,0.0,1.2018932986843658,1.7306801999220625
2023,18,United States Grand Prix,AirTemp_lag4,0.0,0.0,1.2018932986843658,1.7306801999220625
2023,18,United States Grand Prix,TrackTemp_lag0,0.0,0.0,1.2018932986843658,1.7306801999220625
2023,18,United States Grand Prix,TrackTemp_lag1,0.0,0.0,1.2018932986843658,1.7306801999220625
2023,18,United States Grand Prix,TrackTemp_lag2,0.0,0.0,1.2018932986843658,1.7306801999220625
2023,18,United States Grand Prix,TrackTemp_lag3,0.0,0.0,1.2018932986843658,1.7306801999220625
2023,18,United States Grand Prix,TrackTemp_lag4,-0.0005907296440031592,0.000417708937122549,1.2018932986843658,1.7306801999220625
2023,18,United States Grand Prix,Rainfall_lag0,0.0,0.0,1.2018932986843658,1.7306801999220625
2023,18,United States Grand Prix,Rainfall_lag1,0.0,0.0,1.2018932986843658,1.7306801999220625
2023,18,United States Grand Prix,Rainfall_lag2,0.0,0.0,1.2018932986843658,1.7306801999220625
2023,18,United States Grand Prix,Rainfall_lag3,0.0,0.0,1.2018932986843658,1.7306801999220625
2023,18,United States Grand Prix,Rainfall_lag4,0.0,0.0,1.2018932986843658,1.7306801999220625
2023,18,United States Grand Prix,LapTimeSeconds_mean5,0.0,0.0,1.2018932986843658,1.7306801999220625
2023,18,United States Grand Prix,LapTimeSeconds_std5,0.004900433457889486,0.0015828061665337822,1.2018932986843658,1.7306801999220625
2023,18,United States Grand Prix,LapTimeSeconds_trend5,0.0039523061083327855,0.0021110443295514958,1.2018932986843658,1.7306801999220625
2023,18,United States Grand Prix,Sector1Seconds_mean5,0.0008417846696919806,0.0007431097557838185,1.2018932986843658,1.7306801999220625
2023,18,United States Grand Prix,Sector1Seconds_std5,0.0037646578610704604,0.002474857118033575,1.2018932986843658,1.7306801999220625
2023,18,United States Grand Prix,Sector1Seconds_trend5,0.008772432111715892,0.0021015257117042298,1.2018932986843658,1.7306801999220625
2023,18,United States Grand Prix,Sector2Seconds_mean5,0.0,0.0,1.2018932986843658,1.7306801999220625
2023,18,United States Grand Prix,Sector2Seconds_std5,0.0006622467328711856,0.0009686933368415034,1.2018932986843658,1.7306801999220625
2023,18,United States Grand Prix,Sector2Seconds_trend5,-0.0001715299585075177,0.0012496022654613721,1.2018932986843658,1.7306801999220625
2023,18,United States Grand Prix,Sector3Seconds_mean5,0.0,0.0,1.2018932986843658,1.7306801999220625
2023,18,United States Grand Prix,Sector3Seconds_std5,-0.002925669227356783,0.0016092934205897175,1.2018932986843658,1.7306801999220625
2023,18,United States Grand Prix,Sector3Seconds_trend5,0.005708162061888918,0.0012439730468212003,1.2018932986843658,1.7306801999220625
2023,18,United States Grand Prix,Position_mean5,0.008616184688097514,0.010446304176728068,1.2018932986843658,1.7306801999220625
2023,18,United States Grand Prix,Position_std5,0.022664614855603633,0.001462503116444325,1.2018932986843658,1.7306801999220625
2023,18,United States Grand Prix,Position_trend5,0.014999083601918706,0.0037199777942522306,1.2018932986843658,1.7306801999220625
2023,18,United States Grand Prix,TyreLife_mean5,0.001574420256147994,0.001932852889406316,1.2018932986843658,1.7306801999220625
2023,18,United States Grand Prix,TyreLife_std5,-0.0004383041996991466,0.00032478300588489775,1.2018932986843658,1.7306801999220625
2023,18,United States Grand Prix,TyreLife_trend5,0.0,0.0,1.2018932986843658,1.7306801999220625
2023,18,United States Grand Prix,GapToLeaderSeconds_mean5,-0.0010699732509598103,0.0021819067197723706,1.2018932986843658,1.7306801999220625
2023,18,United States Grand Prix,GapToLeaderSeconds_std5,0.0009895337036387453,0.0018198952534030132,1.2018932986843658,1.7306801999220625
2023,18,United States Grand Prix,GapToLeaderSeconds_trend5,0.0009763109105828486,0.0008833724559505347,1.2018932986843658,1.7306801999220625
2023,18,United States Grand Prix,GapToCarAheadSeconds_mean5,0.005903206127137721,0.002810402354904598,1.2018932986843658,1.7306801999220625
2023,18,United States Grand Prix,GapToCarAheadSeconds_std5,0.0021449912535504248,0.004939574347349384,1.2018932986843658,1.7306801999220625
2023,18,United States Grand Prix,GapToCarAheadSeconds_trend5,-2.071216711925968e-05,0.003084370557404955,1.2018932986843658,1.7306801999220625
2023,18,United States Grand Prix,PaceToFieldSeconds_mean5,0.008418943900340148,0.0025714129416472015,1.2018932986843658,1.7306801999220625
2023,18,United States Grand Prix,PaceToFieldSeconds_std5,0.009528586488770419,0.004565546008971519,1.2018932986843658,1.7306801999220625
2023,18,United States Grand Prix,PaceToFieldSeconds_trend5,-0.0017654187012531668,0.0011351322821530527,1.2018932986843658,1.7306801999220625
2023,18,United States Grand Prix,PaceToTeammateSeconds_mean5,0.0036381747401994513,0.0022164974527750744,1.2018932986843658,1.7306801999220625
2023,18,United States Grand Prix,PaceToTeammateSeconds_std5,-0.0017755086368577515,0.0005501825297841239,1.2018932986843658,1.7306801999220625
2023,18,United States Grand Prix,PaceToTeammateSeconds_trend5,0.0016936517994745603,0.0010091189853470954,1.2018932986843658,1.7306801999220625
2023,18,United States Grand Prix,TrackTemp_mean5,0.0,0.0,1.2018932986843658,1.7306801999220625
2023,18,United States Grand Prix,TrackTemp_std5,0.0014494455794718715,0.0010591101786057873,1.2018932986843658,1.7306801999220625
2023,18,United States Grand Prix,TrackTemp_trend5,-0.001477881156951429,0.0006659622496148114,1.2018932986843658,1.7306801999220625
2024,12,British Grand Prix,DriverNumber,-0.002278234899635264,0.012596975049782844,0.750921979508431,1.6523908999515697
2024,12,British Grand Prix,Driver,0.004111008762654393,0.0016052846897706007,0.750921979508431,1.6523908999515697
2024,12,British Grand Prix,Team,-0.01062564136824673,0.006990063179309379,0.750921979508431,1.6523908999515697
2024,12,British Grand Prix,Circuit,0.0,0.0,0.750921979508431,1.6523908999515697
2024,12,British Grand Prix,Country,0.0,0.0,0.750921979508431,1.6523908999515697
2024,12,British Grand Prix,EventFormat,0.0,0.0,0.750921979508431,1.6523908999515697
2024,12,British Grand Prix,LapNumber,-0.003709927160754134,0.0008665612910354757,0.750921979508431,1.6523908999515697
2024,12,British Grand Prix,TotalRaceLaps,0.0,0.0,0.750921979508431,1.6523908999515697
2024,12,British Grand Prix,RaceProgress,-0.0024158667839044488,0.0019629110018243934,0.750921979508431,1.6523908999515697
2024,12,British Grand Prix,Position,0.28268725273017525,0.03049999673875723,0.750921979508431,1.6523908999515697
2024,12,British Grand Prix,GridPosition,0.016956381901870765,0.0038816045866789054,0.750921979508431,1.6523908999515697
2024,12,British Grand Prix,QualifyingPosition,0.017027600835816153,0.0031249489893759187,0.750921979508431,1.6523908999515697
2024,12,British Grand Prix,QualifyingDeltaToPoleSeconds,0.0057243271013195,0.0034545165933797307,0.750921979508431,1.6523908999515697
2024,12,British Grand Prix,DriverSeasonAvgFinish,-0.001716225251018777,0.00042572325777570874,0.750921979508431,1.6523908999515697
2024,12,British Grand Prix,DriverSeasonMedianFinish,0.0071428710340550134,0.0014844505783024548,0.750921979508431,1.6523908999515697
2024,12,British Grand Prix,DriverRecent3AvgFinish,-0.0010069165559833948,0.0007783575937481643,0.750921979508431,1.6523908999515697
2024,12,British Grand Prix,DriverSeasonBestFinish,0.0007417057304303457,0.0008992775654304143,0.750921979508431,1.6523908999515697
2024,12,British Grand Prix,DriverSeasonDNFRate,-0.0005483793410926419,0.0008593597306004414,0.750921979508431,1.6523908999515697
2024,12,British Grand Prix,DriverSeasonAvgPositionGain,0.0019259404707908656,0.003996040521853953,0.750921979508431,1.6523908999515697
2024,12,British Grand Prix,DriverCircuitAvgFinish,-0.0003775987175284416,0.0009855330921035152,0.750921979508431,1.6523908999515697
2024,12,British Grand Prix,DriverCircuitLastFinish,-0.0004325434155128353,0.00024039846696886363,0.750921979508431,1.6523908999515697
2024,12,British Grand Prix,DriverCircuitBestFinish,-0.0038573470095832154,0.0013682535944042325,0.750921979508431,1.6523908999515697
2024,12,British Grand Prix,DriverCircuitAvgPositionGain,-0.0014847894397681156,0.0008678123430114964,0.750921979508431,1.6523908999515697
2024,12,British Grand Prix,DriverCircuitAvgQualifyingPosition,0.004761913449777648,0.0013355025016513705,0.750921979508431,1.6523908999515697
2024,12,British Grand Prix,DriverCircuitStarts,-0.0020867064617431743,0.0018812223978030582,0.750921979508431,1.6523908999515697
2024,12,British Grand Prix,TeamSeasonAvgFinish,-0.0022366307900909543,0.0030515786016402442,0.750921979508431,1.6523908999515697
2024,12,British Grand Prix,TeamRecent3AvgFinish,0.0009226458504150529,0.0018090769832014282,0.750921979508431,1.6523908999515697
2024,12,British Grand Prix,TeamSeasonDNFRate,-0.004543098953943707,0.0011192221782411326,0.750921979508431,1.6523908999515697
2024,12,British Grand Prix,TeamCircuitAvgFinish,0.006330654348236727,0.0037774664494097145,0.750921979508431,1.6523908999515697
2024,12,British Grand Prix,TeamCircuitAvgQualifyingPosition,-0.0009807609286728303,0.004279099675248707,0.750921979508431,1.6523908999515697
2024,12,British Grand Prix,Stint,0.0688424750683047,0.03126982480300852,0.750921979508431,1.6523908999515697
2024,12,British Grand Prix,Compound,0.010528268329368817,0.011147985078866792,0.750921979508431,1.6523908999515697
2024,12,British Grand Prix,FreshTyre,-0.0005708698657057587,0.0012788603694245243,0.750921979508431,1.6523908999515697
2024,12,British Grand Prix,TyreLife,-0.01696456158211675,0.017059315637132783,0.750921979508431,1.6523908999515697
2024,12,British Grand Prix,TrackStatus,0.0,0.0,0.750921979508431,1.6523908999515697
2024,12,British Grand Prix,PitThisLap,0.018021139069803,0.006466629222899459,0.750921979508431,1.6523908999515697
2024,12,British Grand Prix,SafetyCarThisLap,0.0,0.0,0.750921979508431,1.6523908999515697
2024,12,British Grand Prix,PitLapsLast5,0.0,0.0,0.750921979508431,1.6523908999515697
2024,12,British Grand Prix,SafetyCarLapsLast5,0.0,0.0,0.750921979508431,1.6523908999515697
2024,12,British Grand Prix,CompoundChangedLast5,0.0,0.0,0.750921979508431,1.6523908999515697
2024,12,British Grand Prix,LapTimeSeconds_lag0,0.00015357358519059913,0.00021718584699880516,0.750921979508431,1.6523908999515697
2024,12,British Grand Prix,LapTimeSeconds_lag1,-6.142212109945995e-05,0.00020235111516248963,0.750921979508431,1.6523908999515697
2024,12,British Grand Prix,LapTimeSeconds_lag2,-0.00044627272534225604,0.00014550523212688692,0.750921979508431,1.6523908999515697
2024,12,British Grand Prix,LapTimeSeconds_lag3,0.0032310667077400193,0.0007964292996796394,0.750921979508431,1.6523908999515697
2024,12,British Grand Prix,LapTimeSeconds_lag4,-0.0002380924146909343,0.0005151867862786905,0.750921979508431,1.6523908999515697
2024,12,British Grand Prix,Sector1Seconds_lag0,-0.005135174907049141,0.001755504438293088,0.750921979508431,1.6523908999515697
2024,12,British Grand Prix,Sector1Seconds_lag1,0.00043666634179836034,0.00037882606058160133,0.750921979508431,1.6523908999515697
2024,12,British Grand Prix,Sector1Seconds_lag2,0.0010487276869216207,0.0006463086106979264,0.750921979508431,1.6523908999515697
2024,12,British Grand Prix,Sector1Seconds_lag3,6.652010215516906e-05,0.00025426767496524745,0.750921979508431,1.6523908999515697
2024,12,British Grand Prix,Sector1Seconds_lag4,-0.0015263882608638202,0.0006926751845310476,0.750921979508431,1.6523908999515697
2024,12,British Grand Prix,Sector2Seconds_lag0,-0.00010887881149386953,0.00015397789186961543,0.750921979508431,1.6523908999515697
2024,12,British Grand Prix,Sector2Seconds_lag1,-0.0005174928206673016,0.000731845365418406,0.750921979508431,1.6523908999515697
2024,12,British Grand Prix,Sector2Seconds_lag2,-0.00016052086722103306,0.00022701078746787572,0.750921979508431,1.6523908999515697
2024,12,British Grand Prix,Sector2Seconds_lag3,0.00012403550842421396,0.00017541269822936566,0.750921979508431,1.6523908999515697
2024,12,British Grand Prix,Sector2Seconds_lag4,0.0,0.0,0.750921979508431,1.6523908999515697
2024,12,British Grand Prix,Sector3Seconds_lag0,0.0007518532068208442,0.000532847941812665,0.750921979508431,1.6523908999515697
2024,12,British Grand Prix,Sector3Seconds_lag1,-3.5115189873942874e-05,4.966037776503638e-05,0.750921979508431,1.6523908999515697
2024,12,British Grand Prix,Sector3Seconds_lag2,0.003426698641447364,0.001165593844001845,0.750921979508431,1.6523908999515697
2024,12,British Grand Prix,Sector3Seconds_lag3,0.0005450209053447322,0.0004450077057481228,0.750921979508431,1.6523908999515697
2024,12,British Grand Prix,Sector3Seconds_lag4,0.0,0.0,0.750921979508431,1.6523908999515697
2024,12,British Grand Prix,Position_lag0,0.0,0.0,0.750921979508431,1.6523908999515697
2024,12,British Grand Prix,Position_lag1,-0.009026576557747301,0.003405025305123047,0.750921979508431,1.6523908999515697
2024,12,British Grand Prix,Position_lag2,-0.0023784957051235698,0.002070849208884805,0.750921979508431,1.6523908999515697
2024,12,British Grand Prix,Position_lag3,6.560793152817397e-05,0.0020559167323294853,0.750921979508431,1.6523908999515697
2024,12,British Grand Prix,Position_lag4,-0.004809091998386084,0.00793736648162355,0.750921979508431,1.6523908999515697
2024,12,British Grand Prix,TyreLife_lag0,0.0,0.0,0.750921979508431,1.6523908999515697
2024,12,British Grand Prix,TyreLife_lag1,0.0,0.0,0.750921979508431,1.6523908999515697
2024,12,British Grand Prix,TyreLife_lag2,-0.0006248788518328959,0.00027661718190221475,0.750921979508431,1.6523908999515697
2024,12,British Grand Prix,TyreLife_lag3,9.781538800868184e-05,0.0006627734561136502,0.750921979508431,1.6523908999515697
2024,12,British Grand Prix,TyreLife_lag4,-0.0003697239312853891,0.0008865868158738584,0.750921979508431,1.6523908999515697
2024,12,British Grand Prix,DRSActivePct_lag0,0.0038724018315699307,0.003890352921930651,0.750921979508431,1.6523908999515697
2024,12,British Grand Prix,DRSActivePct_lag1,-0.00040653782286637075,0.0005953761500030904,0.750921979508431,1.6523908999515697
2024,12,British Grand Prix,DRSActivePct_lag2,-0.002130659788628512,0.0012532286497980512,0.750921979508431,1.6523908999515697
2024,12,British Grand Prix,DRSActivePct_lag3,0.0021571367110458186,0.0010865984768357183,0.750921979508431,1.6523908999515697
2024,12,British Grand Prix,DRSActivePct_lag4,-0.00039578696970447397,0.00042147156478305293,0.750921979508431,1.6523908999515697
2024,12,British Grand Prix,GapToLeaderSeconds_lag0,-6.492906387323139e-05,0.0030648742579760316,0.750921979508431,1.6523908999515697
2024,12,British Grand Prix,GapToLeaderSeconds_lag1,0.000300084573654454,0.0005151914003262653,0.750921979508431,1.6523908999515697
2024,12,British Grand Prix,GapToLeaderSeconds_lag2,0.005652571172552616,0.0015632233374733005,0.750921979508431,1.6523908999515697
2024,12,British Grand Prix,GapToLeaderSeconds_lag3,-0.0012291343877223193,0.0039016420247662367,0.750921979508431,1.6523908999515697
2024,12,British Grand Prix,GapToLeaderSeconds_lag4,-0.0031892140317259696,0.0029403803060416133,0.750921979508431,1.6523908999515697
2024,12,British Grand Prix,GapToCarAheadSeconds_lag0,0.059987214837247706,0.031348667597228784,0.750921979508431,1.6523908999515697
2024,12,British Grand Prix,GapToCarAheadSeconds_lag1,0.027249848950662108,0.015137344354486533,0.750921979508431,1.6523908999515697
2024,12,British Grand Prix,GapToCarAheadSeconds_lag2,-0.00219079222803209,0.0010310317047276711,0.750921979508431,1.6523908999515697
2024,12,British Grand Prix,GapToCarAheadSeconds_lag3,-0.0037524177341322997,0.0025197899358594613,0.750921979508431,1.6523908999515697
2024,12,British Grand Prix,GapToCarAheadSeconds_lag4,-0.01049030500210446,0.0035225083225716267,0.750921979508431,1.6523908999515697
2024,12,British Grand Prix,GapToCarBehindSeconds_lag0,0.03122613229122932,0.01180762016604415,0.750921979508431,1.6523908999515697
2024,12,British Grand Prix,GapToCarBehindSeconds_lag1,0.002802644659293881,0.0013662777144246936,0.750921979508431,1.6523908999515697
2024,12,British Grand Prix,GapToCarBehindSeconds_lag2,0.0033700850620258516,0.000870080767918753,0.750921979508431,1.6523908999515697
2024,12,British Grand Prix,GapToCarBehindSeconds_lag3,-0.002959632865468779,0.0019509897086711098,0.750921979508431,1.6523908999515697
2024,12,British Grand Prix,GapToCarBehindSeconds_lag4,0.0029455300325141875,0.00026261651010209085,0.750921979508431,1.6523908999515697
2024,12,British Grand Prix,PaceToFieldSeconds_lag0,0.022449376509445007,0.012662158359884105,0.750921979508431,1.6523908999515697
2024,12,British Grand Prix,PaceToFieldSeconds_lag1,0.011703304165143832,0.002795941396967884,0.750921979508431,1.6523908999515697
2024,12,British Grand Prix,PaceToFieldSeconds_lag2,0.006106508846390524,0.002596899641955433,0.750921979508431,1.6523908999515697
2024,12,British Grand Prix,PaceToFieldSeconds_lag3,0.006021207884604103,0.0026837110283404815,0.750921979508431,1.6523908999515697
2024,12,British Grand Prix,PaceToFieldSeconds_lag4,0.00307181735767618,0.0006333981012870786,0.750921979508431,1.6523908999515697
2024,12,British Grand Prix,PaceToTeammateSeconds_lag0,0.003447988962437365,0.002568655585922172,0.750921979508431,1.6523908999515697
2024,12,British Grand Prix,PaceToTeammateSeconds_lag1,0.010608952272783875,0.0015716097076636753,0.750921979508431,1.6523908999515697
2024,12,British Grand Prix,PaceToTeammateSeconds_lag2,0.0013924409968580538,0.002648018026342548,0.750921979508431,1.6523908999515697
2024,12,British Grand Prix,PaceToTeammateSeconds_lag3,0.010185382172273716,0.0020229490240825814,0.750921979508431,1.6523908999515697
2024,12,British Grand Prix,PaceToTeammateSeconds_lag4,0.007623209742167421,0.003739589331049452,0.750921979508431,1.6523908999515697
2024,12,British Grand Prix,AirTemp_lag0,0.0,0.0,0.750921979508431,1.6523908999515697
2024,12,British Grand Prix,AirTemp_lag1,0.0,0.0,0.750921979508431,1.6523908999515697
2024,12,British Grand Prix,AirTemp_lag2,0.0,0.0,0.750921979508431,1.6523908999515697
2024,12,British Grand Prix,AirTemp_lag3,0.0,0.0,0.750921979508431,1.6523908999515697
2024,12,British Grand Prix,AirTemp_lag4,0.0,0.0,0.750921979508431,1.6523908999515697
2024,12,British Grand Prix,TrackTemp_lag0,0.0,0.0,0.750921979508431,1.6523908999515697
2024,12,British Grand Prix,TrackTemp_lag1,0.0,0.0,0.750921979508431,1.6523908999515697
2024,12,British Grand Prix,TrackTemp_lag2,0.0,0.0,0.750921979508431,1.6523908999515697
2024,12,British Grand Prix,TrackTemp_lag3,-0.00012368955849062502,0.0001280480572692205,0.750921979508431,1.6523908999515697
2024,12,British Grand Prix,TrackTemp_lag4,0.0,0.0,0.750921979508431,1.6523908999515697
2024,12,British Grand Prix,Rainfall_lag0,-3.758106598816813e-05,0.0007021851209360098,0.750921979508431,1.6523908999515697
2024,12,British Grand Prix,Rainfall_lag1,0.0,0.0,0.750921979508431,1.6523908999515697
2024,12,British Grand Prix,Rainfall_lag2,0.0,0.0,0.750921979508431,1.6523908999515697
2024,12,British Grand Prix,Rainfall_lag3,0.0,0.0,0.750921979508431,1.6523908999515697
2024,12,British Grand Prix,Rainfall_lag4,0.0,0.0,0.750921979508431,1.6523908999515697
2024,12,British Grand Prix,LapTimeSeconds_mean5,0.0006609735433288725,0.0005396826382117237,0.750921979508431,1.6523908999515697
2024,12,British Grand Prix,LapTimeSeconds_std5,0.0016547584727299263,0.0017480419229776837,0.750921979508431,1.6523908999515697
2024,12,British Grand Prix,LapTimeSeconds_trend5,0.0038189563035688026,0.002902045821004756,0.750921979508431,1.6523908999515697
2024,12,British Grand Prix,Sector1Seconds_mean5,0.0012999947707729165,0.001077220973482973,0.750921979508431,1.6523908999515697
2024,12,British Grand Prix,Sector1Seconds_std5,-0.0017874188466112662,0.005671585294244912,0.750921979508431,1.6523908999515697
2024,12,British Grand Prix,Sector1Seconds_trend5,-0.0033301303692705453,0.004629022679101537,0.750921979508431,1.6523908999515697
2024,12,British Grand Prix,Sector2Seconds_mean5,0.0,0.0,0.750921979508431,1.6523908999515697
2024,12,British Grand Prix,Sector2Seconds_std5,-0.006087218782232469,0.0015057254854546373,0.750921979508431,1.6523908999515697
2024,12,British Grand Prix,Sector2Seconds_trend5,0.0013825712534648964,0.0021576622715813827,0.750921979508431,1.6523908999515697
2024,12,British Grand Prix,Sector3Seconds_mean5,0.0003138198918729203,0.00025623286874142364,0.750921979508431,1.6523908999515697
2024,12,British Grand Prix,Sector3Seconds_std5,-0.00043289218816618585,0.000637760207158294,0.750921979508431,1.6523908999515697
2024,12,British Grand Prix,Sector3Seconds_trend5,0.00017200763146800005,0.0004929343277053932,0.750921979508431,1.6523908999515697
2024,12,British Grand Prix,Position_mean5,-0.0014736931772583173,0.0074433287078004475,0.750921979508431,1.6523908999515697
2024,12,British Grand Prix,Position_std5,-0.0024865592511555956,0.0011555791650720794,0.750921979508431,1.6523908999515697
2024,12,British Grand Prix,Position_trend5,-0.008523099417546401,0.004620081689423354,0.750921979508431,1.6523908999515697
2024,12,British Grand Prix,TyreLife_mean5,-0.0025577898329490014,0.002085425009321333,0.750921979508431,1.6523908999515697
2024,12,British Grand Prix,TyreLife_std5,-0.0005850583811898661,0.0007725035827168099,0.750921979508431,1.6523908999515697
2024,12,British Grand Prix,TyreLife_trend5,0.0,0.0,0.750921979508431,1.6523908999515697
2024,12,British Grand Prix,GapToLeaderSeconds_mean5,-0.001559608430901786,0.0011225411807902624,0.750921979508431,1.6523908999515697
2024,12,British Grand Prix,GapToLeaderSeconds_std5,0.009105518666641554,0.0022439974543943223,0.750921979508431,1.6523908999515697
2024,12,British Grand Prix,GapToLeaderSeconds_trend5,0.0026244278892755637,0.001503319313669717,0.750921979508431,1.6523908999515697
2024,12,British Grand Prix,GapToCarAheadSeconds_mean5,0.0011897018200049587,0.0018001304780136335,0.750921979508431,1.6523908999515697
2024,12,British Grand Prix,GapToCarAheadSeconds_std5,-0.003213096833961352,0.00027884842001850137,0.750921979508431,1.6523908999515697
2024,12,British Grand Prix,GapToCarAheadSeconds_trend5,-0.0026817268331836472,0.004116428237789534,0.750921979508431,1.6523908999515697
2024,12,British Grand Prix,PaceToFieldSeconds_mean5,0.009658106457899995,0.004796926971055157,0.750921979508431,1.6523908999515697
2024,12,British Grand Prix,PaceToFieldSeconds_std5,0.006370102312753034,0.00130866060153346,0.750921979508431,1.6523908999515697
2024,12,British Grand Prix,PaceToFieldSeconds_trend5,0.0008398377640791063,0.00037366386568286463,0.750921979508431,1.6523908999515697
2024,12,British Grand Prix,PaceToTeammateSeconds_mean5,-0.0022202435799651976,0.0006899618071692663,0.750921979508431,1.6523908999515697
2024,12,British Grand Prix,PaceToTeammateSeconds_std5,-0.00044399715891296765,0.0007527745505792906,0.750921979508431,1.6523908999515697
2024,12,British Grand Prix,PaceToTeammateSeconds_trend5,0.0007018843129800167,0.0013228777893284519,0.750921979508431,1.6523908999515697
2024,12,British Grand Prix,TrackTemp_mean5,0.0,0.0,0.750921979508431,1.6523908999515697
2024,12,British Grand Prix,TrackTemp_std5,0.0009035659781051845,0.001233087644151595,0.750921979508431,1.6523908999515697
2024,12,British Grand Prix,TrackTemp_trend5,0.0008790857558241086,0.005387591006009107,0.750921979508431,1.6523908999515697
2025,3,Japanese Grand Prix,DriverNumber,-0.013351656632172526,0.007855310392821217,1.2230307669010292,1.7747237998992205
2025,3,Japanese Grand Prix,Driver,-0.006914935251466581,0.010374158081454518,1.2230307669010292,1.7747237998992205
2025,3,Japanese Grand Prix,Team,0.04186325270374428,0.005224368976271452,1.2230307669010292,1.7747237998992205
2025,3,Japanese Grand Prix,Circuit,0.0,0.0,1.2230307669010292,1.7747237998992205
2025,3,Japanese Grand Prix,Country,0.0,0.0,1.2230307669010292,1.7747237998992205
2025,3,Japanese Grand Prix,EventFormat,0.0,0.0,1.2230307669010292,1.7747237998992205
2025,3,Japanese Grand Prix,LapNumber,-0.001399802209362792,0.0017898007133965166,1.2230307669010292,1.7747237998992205
2025,3,Japanese Grand Prix,TotalRaceLaps,0.0,0.0,1.2230307669010292,1.7747237998992205
2025,3,Japanese Grand Prix,RaceProgress,0.01752418894303598,0.006154628023664113,1.2230307669010292,1.7747237998992205
2025,3,Japanese Grand Prix,Position,0.22941787543818917,0.036272506652968224,1.2230307669010292,1.7747237998992205
2025,3,Japanese Grand Prix,GridPosition,0.019650927895483134,0.0031924355079454903,1.2230307669010292,1.7747237998992205
2025,3,Japanese Grand Prix,QualifyingPosition,0.0273434282720831,0.003418806913994654,1.2230307669010292,1.7747237998992205
2025,3,Japanese Grand Prix,QualifyingDeltaToPoleSeconds,0.02539003478418918,0.009212533332513708,1.2230307669010292,1.7747237998992205
2025,3,Japanese Grand Prix,DriverSeasonAvgFinish,0.003163334579492657,0.0018195486438926391,1.2230307669010292,1.7747237998992205
2025,3,Japanese Grand Prix,DriverSeasonMedianFinish,-0.007096136681265408,0.003346331148718281,1.2230307669010292,1.7747237998992205
2025,3,Japanese Grand Prix,DriverRecent3AvgFinish,0.0002137951571970683,0.0016116937191710814,1.2230307669010292,1.7747237998992205
2025,3,Japanese Grand Prix,DriverSeasonBestFinish,-0.0019199830068205397,0.0010377310600992826,1.2230307669010292,1.7747237998992205
2025,3,Japanese Grand Prix,DriverSeasonDNFRate,0.003833804138581994,0.0006662976898452351,1.2230307669010292,1.7747237998992205
2025,3,Japanese Grand Prix,DriverSeasonAvgPositionGain,0.004986886287197789,0.001942747852683789,1.2230307669010292,1.7747237998992205
2025,3,Japanese Grand Prix,DriverCircuitAvgFinish,0.00048746037712847173,0.00017038054380037624,1.2230307669010292,1.7747237998992205
2025,3,Japanese Grand Prix,DriverCircuitLastFinish,0.00018106291582919987,0.0001284784879222102,1.2230307669010292,1.7747237998992205
2025,3,Japanese Grand Prix,DriverCircuitBestFinish,0.001513191805292265,0.004497327102608635,1.2230307669010292,1.7747237998992205
2025,3,Japanese Grand Prix,DriverCircuitAvgPositionGain,0.0005414413418474892,0.0009264336817245731,1.2230307669010292,1.7747237998992205
2025,3,Japanese Grand Prix,DriverCircuitAvgQualifyingPosition,-0.0009972831273132865,0.0012303123791770846,1.2230307669010292,1.7747237998992205
2025,3,Japanese Grand Prix,DriverCircuitStarts,5.090403875085414e-05,0.001015717516207641,1.2230307669010292,1.7747237998992205
2025,3,Japanese Grand Prix,TeamSeasonAvgFinish,0.0035835469054499303,0.005042587053674244,1.2230307669010292,1.7747237998992205
2025,3,Japanese Grand Prix,TeamRecent3AvgFinish,0.0031279062154233963,0.0008004483088805018,1.2230307669010292,1.7747237998992205
2025,3,Japanese Grand Prix,TeamSeasonDNFRate,0.0010364115825757618,0.0007376597672329128,1.2230307669010292,1.7747237998992205
2025,3,Japanese Grand Prix,TeamCircuitAvgFinish,0.0005194715423918103,0.0014307994691884751,1.2230307669010292,1.7747237998992205
2025,3,Japanese Grand Prix,TeamCircuitAvgQualifyingPosition,0.008389555915678434,0.0039397471220477985,1.2230307669010292,1.7747237998992205
2025,3,Japanese Grand Prix,Stint,0.011678004836519484,0.009368072025860472,1.2230307669010292,1.7747237998992205
2025,3,Japanese Grand Prix,Compound,0.014255117854161744,0.01012651530948938,1.2230307669010292,1.7747237998992205
2025,3,Japanese Grand Prix,FreshTyre,0.0031503206304105045,0.0032380546215192638,1.2230307669010292,1.7747237998992205
2025,3,Japanese Grand Prix,TyreLife,0.0007718218825122728,0.01462550984130427,1.2230307669010292,1.7747237998992205
2025,3,Japanese Grand Prix,TrackStatus,0.0,0.0,1.2230307669010292,1.7747237998992205
2025,3,Japanese Grand Prix,PitThisLap,0.002328150365013437,0.008368073945418473,1.2230307669010292,1.7747237998992205
2025,3,Japanese Grand Prix,SafetyCarThisLap,0.0,0.0,1.2230307669010292,1.7747237998992205
2025,3,Japanese Grand Prix,PitLapsLast5,-0.001133725521740514,0.0003351825790981082,1.2230307669010292,1.7747237998992205
2025,3,Japanese Grand Prix,SafetyCarLapsLast5,0.0,0.0,1.2230307669010292,1.7747237998992205
2025,3,Japanese Grand Prix,CompoundChangedLast5,0.0005351040768926119,0.0,1.2230307669010292,1.7747237998992205
2025,3,Japanese Grand Prix,LapTimeSeconds_lag0,-0.0006106180911218395,0.00022465304325417374,1.2230307669010292,1.7747237998992205
2025,3,Japanese Grand Prix,LapTimeSeconds_lag1,3.1371580851535796e-05,0.0003716180583071604,1.2230307669010292,1.7747237998992205
2025,3,Japanese Grand Prix,LapTimeSeconds_lag2,0.0,0.0,1.2230307669010292,1.7747237998992205
2025,3,Japanese Grand Prix,LapTimeSeconds_lag3,0.000201253763167486,0.00014230790067504078,1.2230307669010292,1.7747237998992205
2025,3,Japanese Grand Prix,LapTimeSeconds_lag4,4.19264726636559e-05,0.00023632740105677198,1.2230307669010292,1.7747237998992205
2025,3,Japanese Grand Prix,Sector1Seconds_lag0,-0.0014259644259631739,0.000279387244428494,1.2230307669010292,1.7747237998992205
2025,3,Japanese Grand Prix,Sector1Seconds_lag1,0.0,0.0,1.2230307669010292,1.7747237998992205
2025,3,Japanese Grand Prix,Sector1Seconds_lag2,0.0,0.0,1.2230307669010292,1.7747237998992205
2025,3,Japanese Grand Prix,Sector1Seconds_lag3,-0.0002452666767838174,0.0002548577149461699,1.2230307669010292,1.7747237998992205
2025,3,Japanese Grand Prix,Sector1Seconds_lag4,0.0001192815389203794,0.0009538995711659313,1.2230307669010292,1.7747237998992205
2025,3,Japanese Grand Prix,Sector2Seconds_lag0,0.0,0.0,1.2230307669010292,1.7747237998992205
2025,3,Japanese Grand Prix,Sector2Seconds_lag1,0.0,0.0,1.2230307669010292,1.7747237998992205
2025,3,Japanese Grand Prix,Sector2Seconds_lag2,0.0,0.0,1.2230307669010292,1.7747237998992205
2025,3,Japanese Grand Prix,Sector2Seconds_lag3,0.0,0.0,1.2230307669010292,1.7747237998992205
2025,3,Japanese Grand Prix,Sector2Seconds_lag4,-0.000515868133080799,0.0,1.2230307669010292,1.7747237998992205
2025,3,Japanese Grand Prix,Sector3Seconds_lag0,0.0,0.0,1.2230307669010292,1.7747237998992205
2025,3,Japanese Grand Prix,Sector3Seconds_lag1,0.0,0.0,1.2230307669010292,1.7747237998992205
2025,3,Japanese Grand Prix,Sector3Seconds_lag2,0.0,0.0,1.2230307669010292,1.7747237998992205
2025,3,Japanese Grand Prix,Sector3Seconds_lag3,0.0,0.0,1.2230307669010292,1.7747237998992205
2025,3,Japanese Grand Prix,Sector3Seconds_lag4,0.0,0.0,1.2230307669010292,1.7747237998992205
2025,3,Japanese Grand Prix,Position_lag0,0.0,0.0,1.2230307669010292,1.7747237998992205
2025,3,Japanese Grand Prix,Position_lag1,-0.0403293890265722,0.00980228610394693,1.2230307669010292,1.7747237998992205
2025,3,Japanese Grand Prix,Position_lag2,-0.004485370364610682,0.0031569607748252247,1.2230307669010292,1.7747237998992205
2025,3,Japanese Grand Prix,Position_lag3,-0.004390780081175845,0.0037003434320025904,1.2230307669010292,1.7747237998992205
2025,3,Japanese Grand Prix,Position_lag4,0.0006569151401631205,0.0031296385017531986,1.2230307669010292,1.7747237998992205
2025,3,Japanese Grand Prix,TyreLife_lag0,0.0,0.0,1.2230307669010292,1.7747237998992205
2025,3,Japanese Grand Prix,TyreLife_lag1,-5.127816122089494e-07,0.0001667988667948571,1.2230307669010292,1.7747237998992205
2025,3,Japanese Grand Prix,TyreLife_lag2,0.0004033991805925859,0.0005705325933678111,1.2230307669010292,1.7747237998992205
2025,3,Japanese Grand Prix,TyreLife_lag3,0.0,0.0,1.2230307669010292,1.7747237998992205
2025,3,Japanese Grand Prix,TyreLife_lag4,0.0017334513308318773,0.0012096565031252564,1.2230307669010292,1.7747237998992205
2025,3,Japanese Grand Prix,DRSActivePct_lag0,-0.0030248202565748747,0.0016325183272005537,1.2230307669010292,1.7747237998992205
2025,3,Japanese Grand Prix,DRSActivePct_lag1,0.0,0.0,1.2230307669010292,1.7747237998992205
2025,3,Japanese Grand Prix,DRSActivePct_lag2,-0.0017896568135732,0.0011997223860259164,1.2230307669010292,1.7747237998992205
2025,3,Japanese Grand Prix,DRSActivePct_lag3,-0.0005201564042696857,0.0013274821113748302,1.2230307669010292,1.7747237998992205
2025,3,Japanese Grand Prix,DRSActivePct_lag4,-0.0004574885564859373,0.00048523492660598847,1.2230307669010292,1.7747237998992205
2025,3,Japanese Grand Prix,GapToLeaderSeconds_lag0,-0.002069289200720211,0.0029273791957430393,1.2230307669010292,1.7747237998992205
2025,3,Japanese Grand Prix,GapToLeaderSeconds_lag1,0.0023495881220436665,0.0008382433355005223,1.2230307669010292,1.7747237998992205
2025,3,Japanese Grand Prix,GapToLeaderSeconds_lag2,0.0033178095119705078,0.0022509935131663533,1.2230307669010292,1.7747237998992205
2025,3,Japanese Grand Prix,GapToLeaderSeconds_lag3,-0.00019718483889226887,0.00036474114678289684,1.2230307669010292,1.7747237998992205
2025,3,Japanese Grand Prix,GapToLeaderSeconds_lag4,-0.00309649108407554,0.0010591372257242014,1.2230307669010292,1.7747237998992205
2025,3,Japanese Grand Prix,GapToCarAheadSeconds_lag0,0.0034300446457694958,0.003178056016917799,1.2230307669010292,1.7747237998992205
2025,3,Japanese Grand Prix,GapToCarAheadSeconds_lag1,-0.0009218570737929976,0.002856357667969421,1.2230307669010292,1.7747237998992205
2025,3,Japanese Grand Prix,GapToCarAheadSeconds_lag2,-0.0015209883508318829,0.003458867958450203,1.2230307669010292,1.7747237998992205
2025,3,Japanese Grand Prix,GapToCarAheadSeconds_lag3,-0.0004991080082764979,0.000688182862248861,1.2230307669010292,1.7747237998992205
2025,3,Japanese Grand Prix,GapToCarAheadSeconds_lag4,-0.004430876021406312,0.0012945513231541357,1.2230307669010292,1.7747237998992205
2025,3,Japanese Grand Prix,GapToCarBehindSeconds_lag0,0.0009813493303873304,0.009698983433543742,1.2230307669010292,1.7747237998992205
2025,3,Japanese Grand Prix,GapToCarBehindSeconds_lag1,0.0013734529588227407,0.001962847610293901,1.2230307669010292,1.7747237998992205
2025,3,Japanese Grand Prix,GapToCarBehindSeconds_lag2,0.00018552763390563184,0.00034616717063055226,1.2230307669010292,1.7747237998992205
2025,3,Japanese Grand Prix,GapToCarBehindSeconds_lag3,-0.0011812389196062718,0.0007516913910860107,1.2230307669010292,1.7747237998992205
2025,3,Japanese Grand Prix,GapToCarBehindSeconds_lag4,0.00014408293462153665,0.0014883545626228959,1.2230307669010292,1.7747237998992205
2025,3,Japanese Grand Prix,PaceToFieldSeconds_lag0,0.10429046520730823,0.023476302103511645,1.2230307669010292,1.7747237998992205
2025,3,Japanese Grand Prix,PaceToFieldSeconds_lag1,0.028019004825494093,0.009733958628539456,1.2230307669010292,1.7747237998992205
2025,3,Japanese Grand Prix,PaceToFieldSeconds_lag2,0.015152365891569023,0.002047086350919746,1.2230307669010292,1.7747237998992205
2025,3,Japanese Grand Prix,PaceToFieldSeconds_lag3,0.01182211587975468,0.005649837694631518,1.2230307669010292,1.7747237998992205
2025,3,Japanese Grand Prix,PaceToFieldSeconds_lag4,0.022251066438326268,0.006377201425499415,1.2230307669010292,1.7747237998992205
2025,3,Japanese Grand Prix,PaceToTeammateSeconds_lag0,0.007564148907033867,0.0021924376287410993,1.2230307669010292,1.7747237998992205
2025,3,Japanese Grand Prix,PaceToTeammateSeconds_lag1,5.8912939486566174e-05,0.001862600036584447,1.2230307669010292,1.7747237998992205
2025,3,Japanese Grand Prix,PaceToTeammateSeconds_lag2,0.0019523296498846765,0.0006611762639604929,1.2230307669010292,1.7747237998992205
2025,3,Japanese Grand Prix,PaceToTeammateSeconds_lag3,0.013654749278935544,0.0025909660857311037,1.2230307669010292,1.7747237998992205
2025,3,Japanese Grand Prix,PaceToTeammateSeconds_lag4,-0.0029770590160877277,0.0010834657806540779,1.2230307669010292,1.7747237998992205
2025,3,Japanese Grand Prix,AirTemp_lag0,0.0,0.0,1.2230307669010292,1.7747237998992205
2025,3,Japanese Grand Prix,AirTemp_lag1,0.0,0.0,1.2230307669010292,1.7747237998992205
2025,3,Japanese Grand Prix,AirTemp_lag2,0.0,0.0,1.2230307669010292,1.7747237998992205
2025,3,Japanese Grand Prix,AirTemp_lag3,0.0,0.0,1.2230307669010292,1.7747237998992205
2025,3,Japanese Grand Prix,AirTemp_lag4,0.0,0.0,1.2230307669010292,1.7747237998992205
2025,3,Japanese Grand Prix,TrackTemp_lag0,0.0,0.0,1.2230307669010292,1.7747237998992205
2025,3,Japanese Grand Prix,TrackTemp_lag1,0.0,0.0,1.2230307669010292,1.7747237998992205
2025,3,Japanese Grand Prix,TrackTemp_lag2,0.0,0.0,1.2230307669010292,1.7747237998992205
2025,3,Japanese Grand Prix,TrackTemp_lag3,0.0,0.0,1.2230307669010292,1.7747237998992205
2025,3,Japanese Grand Prix,TrackTemp_lag4,0.0,0.0,1.2230307669010292,1.7747237998992205
2025,3,Japanese Grand Prix,Rainfall_lag0,0.0,0.0,1.2230307669010292,1.7747237998992205
2025,3,Japanese Grand Prix,Rainfall_lag1,0.0,0.0,1.2230307669010292,1.7747237998992205
2025,3,Japanese Grand Prix,Rainfall_lag2,0.0,0.0,1.2230307669010292,1.7747237998992205
2025,3,Japanese Grand Prix,Rainfall_lag3,0.0,0.0,1.2230307669010292,1.7747237998992205
2025,3,Japanese Grand Prix,Rainfall_lag4,0.0,0.0,1.2230307669010292,1.7747237998992205
2025,3,Japanese Grand Prix,LapTimeSeconds_mean5,-0.0003935433117188136,0.0,1.2230307669010292,1.7747237998992205
2025,3,Japanese Grand Prix,LapTimeSeconds_std5,-0.007515831443395256,0.0023517703219720094,1.2230307669010292,1.7747237998992205
2025,3,Japanese Grand Prix,LapTimeSeconds_trend5,-0.0010691100428415663,0.0037198692485282707,1.2230307669010292,1.7747237998992205
2025,3,Japanese Grand Prix,Sector1Seconds_mean5,0.0003055718731496497,0.0005914670851380633,1.2230307669010292,1.7747237998992205
2025,3,Japanese Grand Prix,Sector1Seconds_std5,-0.0017863857634915121,0.002887374292012031,1.2230307669010292,1.7747237998992205
2025,3,Japanese Grand Prix,Sector1Seconds_trend5,-0.003585044670698941,0.002456025902105044,1.2230307669010292,1.7747237998992205
2025,3,Japanese Grand Prix,Sector2Seconds_mean5,0.0,0.0,1.2230307669010292,1.7747237998992205
2025,3,Japanese Grand Prix,Sector2Seconds_std5,0.001336928419166809,0.0002578005585712572,1.2230307669010292,1.7747237998992205
2025,3,Japanese Grand Prix,Sector2Seconds_trend5,-0.0005071439206610536,0.0008562897509725824,1.2230307669010292,1.7747237998992205
2025,3,Japanese Grand Prix,Sector3Seconds_mean5,0.0,0.0,1.2230307669010292,1.7747237998992205
2025,3,Japanese Grand Prix,Sector3Seconds_std5,-0.00509721522402599,0.0017511798703166086,1.2230307669010292,1.7747237998992205
2025,3,Japanese Grand Prix,Sector3Seconds_trend5,0.001117442636861199,0.0015804961458745614,1.2230307669010292,1.7747237998992205
2025,3,Japanese Grand Prix,Position_mean5,-0.029202550494336805,0.010069459504929138,1.2230307669010292,1.7747237998992205
2025,3,Japanese Grand Prix,Position_std5,-0.0019234187290186149,0.006910064972652088,1.2230307669010292,1.7747237998992205
2025,3,Japanese Grand Prix,Position_trend5,-0.008199450583558754,0.001445363121965709,1.2230307669010292,1.7747237998992205
2025,3,Japanese Grand Prix,TyreLife_mean5,0.0014472347124835732,0.003844546727322268,1.2230307669010292,1.7747237998992205
2025,3,Japanese Grand Prix,TyreLife_std5,-0.0008328194954384897,0.0006786249529190068,1.2230307669010292,1.7747237998992205
2025,3,Japanese Grand Prix,TyreLife_trend5,0.0008287780205010383,0.0005001620162231797,1.2230307669010292,1.7747237998992205
2025,3,Japanese Grand Prix,GapToLeaderSeconds_mean5,0.0001282344709900111,0.000555269999636944,1.2230307669010292,1.7747237998992205
2025,3,Japanese Grand Prix,GapToLeaderSeconds_std5,0.0010221782567888897,0.004390852592493897,1.2230307669010292,1.7747237998992205
2025,3,Japanese Grand Prix,GapToLeaderSeconds_trend5,-0.0030349663876102864,0.00046888667092876384,1.2230307669010292,1.7747237998992205
2025,3,Japanese Grand Prix,GapToCarAheadSeconds_mean5,-0.001520315479782634,0.0006247600666313076,1.2230307669010292,1.7747237998992205
2025,3,Japanese Grand Prix,GapToCarAheadSeconds_std5,0.0028019279867266267,0.006086556288917119,1.2230307669010292,1.7747237998992205
2025,3,Japanese Grand Prix,GapToCarAheadSeconds_trend5,-0.007255866209767925,0.002444416267876034,1.2230307669010292,1.7747237998992205
2025,3,Japanese Grand Prix,PaceToFieldSeconds_mean5,0.026700446600194622,0.011781340830868525,1.2230307669010292,1.7747237998992205
2025,3,Japanese Grand Prix,PaceToFieldSeconds_std5,-0.004888811851011532,0.004089365560001219,1.2230307669010292,1.7747237998992205
2025,3,Japanese Grand Prix,PaceToFieldSeconds_trend5,-0.00573742265218528,0.0015637416819397703,1.2230307669010292,1.7747237998992205
2025,3,Japanese Grand Prix,PaceToTeammateSeconds_mean5,-0.00934214022468279,0.0018838454798506706,1.2230307669010292,1.7747237998992205
2025,3,Japanese Grand Prix,PaceToTeammateSeconds_std5,-0.002494738126050944,0.0009114942517995414,1.2230307669010292,1.7747237998992205
2025,3,Japanese Grand Prix,PaceToTeammateSeconds_trend5,0.005392057010276785,0.002487268978470617,1.2230307669010292,1.7747237998992205
2025,3,Japanese Grand Prix,TrackTemp_mean5,0.0,0.0,1.2230307669010292,1.7747237998992205
2025,3,Japanese Grand Prix,TrackTemp_std5,0.001546264532597356,0.0008341680267302065,1.2230307669010292,1.7747237998992205
2025,3,Japanese Grand Prix,TrackTemp_trend5,0.00035104334214134764,0.0005880163628319047,1.2230307669010292,1.7747237998992205
2025,19,United States Grand Prix,DriverNumber,0.006450572453533828,0.003803903607490612,1.089366031774197,1.659628099994734
2025,19,United States Grand Prix,Driver,-0.020412153926381887,0.006647054220804876,1.089366031774197,1.659628099994734
2025,19,United States Grand Prix,Team,0.0064134334716434704,0.0007132998125914882,1.089366031774197,1.659628099994734
2025,19,United States Grand Prix,Circuit,0.0,0.0,1.089366031774197,1.659628099994734
2025,19,United States Grand Prix,Country,0.0,0.0,1.089366031774197,1.659628099994734
2025,19,United States Grand Prix,EventFormat,0.0,0.0,1.089366031774197,1.659628099994734
2025,19,United States Grand Prix,LapNumber,0.003698248177856985,0.0003873426333428974,1.089366031774197,1.659628099994734
2025,19,United States Grand Prix,TotalRaceLaps,0.0,0.0,1.089366031774197,1.659628099994734
2025,19,United States Grand Prix,RaceProgress,0.002137890452488097,0.0035782532277107725,1.089366031774197,1.659628099994734
2025,19,United States Grand Prix,Position,0.21780141114314158,0.03520728198250472,1.089366031774197,1.659628099994734
2025,19,United States Grand Prix,GridPosition,0.0036483008724529733,0.0013015401343571885,1.089366031774197,1.659628099994734
2025,19,United States Grand Prix,QualifyingPosition,0.016908449820765004,0.004983073552611903,1.089366031774197,1.659628099994734
2025,19,United States Grand Prix,QualifyingDeltaToPoleSeconds,0.005213540397839648,0.0028824713825652305,1.089366031774197,1.659628099994734
2025,19,United States Grand Prix,DriverSeasonAvgFinish,-0.006388962167187466,0.0015010319250281583,1.089366031774197,1.659628099994734
2025,19,United States Grand Prix,DriverSeasonMedianFinish,-0.0005651881022305331,0.003248926351240492,1.089366031774197,1.659628099994734
2025,19,United States Grand Prix,DriverRecent3AvgFinish,-0.0016283754124809164,0.0007204948149486268,1.089366031774197,1.659628099994734
2025,19,United States Grand Prix,DriverSeasonBestFinish,-0.00017315638471175157,0.0006290393149850813,1.089366031774197,1.659628099994734
2025,19,United States Grand Prix,DriverSeasonDNFRate,-0.0030110697474744117,0.0006564603616429914,1.089366031774197,1.659628099994734
2025,19,United States Grand Prix,DriverSeasonAvgPositionGain,0.00022519633863526956,0.00044957930442785865,1.089366031774197,1.659628099994734
2025,19,United States Grand Prix,DriverCircuitAvgFinish,-0.0006010339401539463,0.00039825739210744873,1.089366031774197,1.659628099994734
2025,19,United States Grand Prix,DriverCircuitLastFinish,1.208992113873227e-05,0.0005634013204307051,1.089366031774197,1.659628099994734
2025,19,United States Grand Prix,DriverCircuitBestFinish,0.0006292162595428566,0.003976107465802965,1.089366031774197,1.659628099994734
2025,19,United States Grand Prix,DriverCircuitAvgPositionGain,0.0012911596111016739,0.002781538714419647,1.089366031774197,1.659628099994734
2025,19,United States Grand Prix,DriverCircuitAvgQualifyingPosition,0.0023370210238140565,0.0010245640107042462,1.089366031774197,1.659628099994734
2025,19,United States Grand Prix,DriverCircuitStarts,0.003028461276552911,0.0010740859365011032,1.089366031774197,1.659628099994734
2025,19,United States Grand Prix,TeamSeasonAvgFinish,-0.0011242621365700571,0.0023056613032071717,1.089366031774197,1.659628099994734
2025,19,United States Grand Prix,TeamRecent3AvgFinish,0.0004933159181547501,0.003150426613889268,1.089366031774197,1.659628099994734
2025,19,United States Grand Prix,TeamSeasonDNFRate,6.083237132574008e-05,0.0010289149855347759,1.089366031774197,1.659628099994734
2025,19,United States Grand Prix,TeamCircuitAvgFinish,-0.0012534176963456083,0.0016776571377393502,1.089366031774197,1.659628099994734
2025,19,United States Grand Prix,TeamCircuitAvgQualifyingPosition,0.0033552597815347993,0.003074775337974026,1.089366031774197,1.659628099994734
2025,19,United States Grand Prix,Stint,0.0005225186175303875,0.013127651825860197,1.089366031774197,1.659628099994734
2025,19,United States Grand Prix,Compound,0.0022222251006395557,0.00832606705734511,1.089366031774197,1.659628099994734
2025,19,United States Grand Prix,FreshTyre,0.0014949271494079468,0.0036549951139602057,1.089366031774197,1.659628099994734
2025,19,United States Grand Prix,TyreLife,0.04538509139477228,0.004104222316920258,1.089366031774197,1.659628099994734
2025,19,United States Grand Prix,TrackStatus,0.0015798159260156375,0.0016426650082098729,1.089366031774197,1.659628099994734
2025,19,United States Grand Prix,PitThisLap,-0.0062010996094290505,0.017801496626420877,1.089366031774197,1.659628099994734
2025,19,United States Grand Prix,SafetyCarThisLap,0.0,0.0,1.089366031774197,1.659628099994734
2025,19,United States Grand Prix,PitLapsLast5,0.0,0.0,1.089366031774197,1.659628099994734
2025,19,United States Grand Prix,SafetyCarLapsLast5,0.0,0.0,1.089366031774197,1.659628099994734
2025,19,United States Grand Prix,CompoundChangedLast5,-0.0001640475262911778,0.00011599911827737026,1.089366031774197,1.659628099994734
2025,19,United States Grand Prix,LapTimeSeconds_lag0,0.0001773215200300271,0.0,1.089366031774197,1.659628099994734
2025,19,United States Grand Prix,LapTimeSeconds_lag1,-7.201199516907823e-05,1.2730042527746282e-05,1.089366031774197,1.659628099994734
2025,19,United States Grand Prix,LapTimeSeconds_lag2,0.0,0.0,1.089366031774197,1.659628099994734
2025,19,United States Grand Prix,LapTimeSeconds_lag3,0.0,0.0,1.089366031774197,1.659628099994734
2025,19,United States Grand Prix,LapTimeSeconds_lag4,-0.00017132755178043504,0.0002658446156079214,1.089366031774197,1.659628099994734
2025,19,United States Grand Prix,Sector1Seconds_lag0,0.0,0.0,1.089366031774197,1.659628099994734
2025,19,United States Grand Prix,Sector1Seconds_lag1,0.0,0.0,1.089366031774197,1.659628099994734
2025,19,United States Grand Prix,Sector1Seconds_lag2,0.0,0.0,1.089366031774197,1.659628099994734
2025,19,United States Grand Prix,Sector1Seconds_lag3,0.0007915392063283141,0.00026764370239015605,1.089366031774197,1.659628099994734
2025,19,United States Grand Prix,Sector1Seconds_lag4,-0.00014766708441923035,1.6732404513067968e-05,1.089366031774197,1.659628099994734
2025,19,United States Grand Prix,Sector2Seconds_lag0,0.00023793155361776877,0.00033648603004274985,1.089366031774197,1.659628099994734
2025,19,United States Grand Prix,Sector2Seconds_lag1,0.0,0.0,1.089366031774197,1.659628099994734
2025,19,United States Grand Prix,Sector2Seconds_lag2,0.0,0.0,1.089366031774197,1.659628099994734
2025,19,United States Grand Prix,Sector2Seconds_lag3,-0.00016827833202041434,6.693197460561321e-05,1.089366031774197,1.659628099994734
2025,19,United States Grand Prix,Sector2Seconds_lag4,-0.00012447739055258347,0.00017603761392827615,1.089366031774197,1.659628099994734
2025,19,United States Grand Prix,Sector3Seconds_lag0,0.0,0.0,1.089366031774197,1.659628099994734
2025,19,United States Grand Prix,Sector3Seconds_lag1,0.0,0.0,1.089366031774197,1.659628099994734
2025,19,United States Grand Prix,Sector3Seconds_lag2,0.0,0.0,1.089366031774197,1.659628099994734
2025,19,United States Grand Prix,Sector3Seconds_lag3,0.0009665005536951821,0.0007583349377945837,1.089366031774197,1.659628099994734
2025,19,United States Grand Prix,Sector3Seconds_lag4,8.611037010108902e-05,0.00012177845325792675,1.089366031774197,1.659628099994734
2025,19,United States Grand Prix,Position_lag0,0.0,0.0,1.089366031774197,1.659628099994734
2025,19,United States Grand Prix,Position_lag1,-0.012494909828712078,0.004708620665951945,1.089366031774197,1.659628099994734
2025,19,United States Grand Prix,Position_lag2,-0.01693281695453071,0.005058970947193327,1.089366031774197,1.659628099994734
2025,19,United States Grand Prix,Position_lag3,-0.005319314988807999,0.003471380818934341,1.089366031774197,1.659628099994734
2025,19,United States Grand Prix,Position_lag4,-0.0051013820104133245,0.0011395380719422116,1.089366031774197,1.659628099994734
2025,19,United States Grand Prix,TyreLife_lag0,0.0,0.0,1.089366031774197,1.659628099994734
2025,19,United States Grand Prix,TyreLife_lag1,-0.0016951292861191458,0.0008415266788189548,1.089366031774197,1.659628099994734
2025,19,United States Grand Prix,TyreLife_lag2,4.792413028279855e-05,0.00012487980625992744,1.089366031774197,1.659628099994734
2025,19,United States Grand Prix,TyreLife_lag3,0.00033544809161075345,0.0003144855890030807,1.089366031774197,1.659628099994734
2025,19,United States Grand Prix,TyreLife_lag4,-6.685096138488629e-05,0.0021550055607502047,1.089366031774197,1.659628099994734
2025,19,United States Grand Prix,DRSActivePct_lag0,-0.0023370677707460117,0.001313176124645489,1.089366031774197,1.659628099994734
2025,19,United States Grand Prix,DRSActivePct_lag1,0.0045844494339086035,0.0010641924670356144,1.089366031774197,1.659628099994734
2025,19,United States Grand Prix,DRSActivePct_lag2,-0.0010361318057688547,0.00012800367408141353,1.089366031774197,1.659628099994734
2025,19,United States Grand Prix,DRSActivePct_lag3,-0.003272248069503029,0.0004354505181502443,1.089366031774197,1.659628099994734
2025,19,United States Grand Prix,DRSActivePct_lag4,-0.0001131165863500853,0.0006154295236661899,1.089366031774197,1.659628099994734
2025,19,United States Grand Prix,GapToLeaderSeconds_lag0,-0.009877939856103598,0.00327643728321228,1.089366031774197,1.659628099994734
2025,19,United States Grand Prix,GapToLeaderSeconds_lag1,0.0036102398673570533,0.00147309250275096,1.089366031774197,1.659628099994734
2025,19,United States Grand Prix,GapToLeaderSeconds_lag2,0.00544925544876181,0.002009643060956366,1.089366031774197,1.659628099994734
2025,19,United States Grand Prix,GapToLeaderSeconds_lag3,0.0068557192161654195,0.0011438711150220037,1.089366031774197,1.659628099994734
2025,19,United States Grand Prix,GapToLeaderSeconds_lag4,-0.008454820581572728,0.0024923345390756445,1.089366031774197,1.659628099994734
2025,19,United States Grand Prix,GapToCarAheadSeconds_lag0,-0.0038145464347976166,0.00971814819028055,1.089366031774197,1.659628099994734
2025,19,United States Grand Prix,GapToCarAheadSeconds_lag1,0.006778130589314942,0.004402673847855044,1.089366031774197,1.659628099994734
2025,19,United States Grand Prix,GapToCarAheadSeconds_lag2,0.0002172031396196298,0.0011545485299681254,1.089366031774197,1.659628099994734
2025,19,United States Grand Prix,GapToCarAheadSeconds_lag3,-0.0017399602855647789,0.002113488466659935,1.089366031774197,1.659628099994734
2025,19,United States Grand Prix,GapToCarAheadSeconds_lag4,0.008121738284291672,0.0005316989933745056,1.089366031774197,1.659628099994734
2025,19,United States Grand Prix,GapToCarBehindSeconds_lag0,0.03933944258970098,0.008154087003601344,1.089366031774197,1.659628099994734
2025,19,United States Grand Prix,GapToCarBehindSeconds_lag1,0.00471441175236061,0.0010003513278262202,1.089366031774197,1.659628099994734
2025,19,United States Grand Prix,GapToCarBehindSeconds_lag2,0.0016291707219134495,0.0006389432371220834,1.089366031774197,1.659628099994734
2025,19,United States Grand Prix,GapToCarBehindSeconds_lag3,-0.003759723590128846,0.00042409810232046095,1.089366031774197,1.659628099994734
2025,19,United States Grand Prix,GapToCarBehindSeconds_lag4,-0.0008745052555455916,0.0029809345808489373,1.089366031774197,1.659628099994734
2025,19,United States Grand Prix,PaceToFieldSeconds_lag0,0.04211086970589495,0.00930449925384917,1.089366031774197,1.659628099994734
2025,19,United States Grand Prix,PaceToFieldSeconds_lag1,0.006262888173010757,0.005050137591332142,1.089366031774197,1.659628099994734
2025,19,United States Grand Prix,PaceToFieldSeconds_lag2,0.0010931437171805374,0.003198682626807938,1.089366031774197,1.659628099994734
2025,19,United States Grand Prix,PaceToFieldSeconds_lag3,0.0006619497718497088,0.004110269955367662,1.089366031774197,1.659628099994734
2025,19,United States Grand Prix,PaceToFieldSeconds_lag4,-0.00263430402439487,0.00372943071331795,1.089366031774197,1.659628099994734
2025,19,United States Grand Prix,PaceToTeammateSeconds_lag0,-0.002876796679477156,0.0033238893167807037,1.089366031774197,1.659628099994734
2025,19,United States Grand Prix,PaceToTeammateSeconds_lag1,-0.001359579007251514,0.0012842299199010117,1.089366031774197,1.659628099994734
2025,19,United States Grand Prix,PaceToTeammateSeconds_lag2,-0.0028622116421896195,0.001834798203635568,1.089366031774197,1.659628099994734
2025,19,United States Grand Prix,PaceToTeammateSeconds_lag3,0.00043885903465105497,0.003652116781790426,1.089366031774197,1.659628099994734
2025,19,United States Grand Prix,PaceToTeammateSeconds_lag4,5.068767053343729e-05,0.001219832739354344,1.089366031774197,1.659628099994734
2025,19,United States Grand Prix,AirTemp_lag0,0.0,0.0,1.089366031774197,1.659628099994734
2025,19,United States Grand Prix,AirTemp_lag1,0.0,0.0,1.089366031774197,1.659628099994734
2025,19,United States Grand Prix,AirTemp_lag2,0.0,0.0,1.089366031774197,1.659628099994734
2025,19,United States Grand Prix,AirTemp_lag3,0.0,0.0,1.089366031774197,1.659628099994734
2025,19,United States Grand Prix,AirTemp_lag4,-0.0003351585370593065,0.0002369928743270414,1.089366031774197,1.659628099994734
2025,19,United States Grand Prix,TrackTemp_lag0,0.0,0.0,1.089366031774197,1.659628099994734
2025,19,United States Grand Prix,TrackTemp_lag1,0.0,0.0,1.089366031774197,1.659628099994734
2025,19,United States Grand Prix,TrackTemp_lag2,0.0,0.0,1.089366031774197,1.659628099994734
2025,19,United States Grand Prix,TrackTemp_lag3,0.0,0.0,1.089366031774197,1.659628099994734
2025,19,United States Grand Prix,TrackTemp_lag4,0.0,0.0,1.089366031774197,1.659628099994734
2025,19,United States Grand Prix,Rainfall_lag0,0.0,0.0,1.089366031774197,1.659628099994734
2025,19,United States Grand Prix,Rainfall_lag1,0.0,0.0,1.089366031774197,1.659628099994734
2025,19,United States Grand Prix,Rainfall_lag2,0.0,0.0,1.089366031774197,1.659628099994734
2025,19,United States Grand Prix,Rainfall_lag3,0.0,0.0,1.089366031774197,1.659628099994734
2025,19,United States Grand Prix,Rainfall_lag4,0.0,0.0,1.089366031774197,1.659628099994734
2025,19,United States Grand Prix,LapTimeSeconds_mean5,0.00012987575525991168,0.00018367205451201595,1.089366031774197,1.659628099994734
2025,19,United States Grand Prix,LapTimeSeconds_std5,0.005042124565533805,0.0012414638760399413,1.089366031774197,1.659628099994734
2025,19,United States Grand Prix,LapTimeSeconds_trend5,-0.010341602099550817,0.003532041375518896,1.089366031774197,1.659628099994734
2025,19,United States Grand Prix,Sector1Seconds_mean5,0.00042693926006465155,0.0001663558003288898,1.089366031774197,1.659628099994734
2025,19,United States Grand Prix,Sector1Seconds_std5,-0.0009561716294447612,0.002281601502984602,1.089366031774197,1.659628099994734
2025,19,United States Grand Prix,Sector1Seconds_trend5,-0.002744602832399412,0.0012523763494324707,1.089366031774197,1.659628099994734
2025,19,United States Grand Prix,Sector2Seconds_mean5,0.0,0.0,1.089366031774197,1.659628099994734
2025,19,United States Grand Prix,Sector2Seconds_std5,0.00461796332022731,0.0018470302624109813,1.089366031774197,1.659628099994734
2025,19,United States Grand Prix,Sector2Seconds_trend5,-0.0027697204663104844,0.0020394599030018373,1.089366031774197,1.659628099994734
2025,19,United States Grand Prix,Sector3Seconds_mean5,0.0,0.0,1.089366031774197,1.659628099994734
2025,19,United States Grand Prix,Sector3Seconds_std5,0.003209149666279535,6.539162062209943e-05,1.089366031774197,1.659628099994734
2025,19,United States Grand Prix,Sector3Seconds_trend5,0.0006166062724025275,0.0003990150835662133,1.089366031774197,1.659628099994734
2025,19,United States Grand Prix,Position_mean5,-0.017042919564711045,0.004111526339890578,1.089366031774197,1.659628099994734
2025,19,United States Grand Prix,Position_std5,0.031756475201626534,0.0028000284919172344,1.089366031774197,1.659628099994734
2025,19,United States Grand Prix,Position_trend5,0.009621501095671281,0.0033755697836319216,1.089366031774197,1.659628099994734
2025,19,United States Grand Prix,TyreLife_mean5,0.00567781275290861,0.00659628529659531,1.089366031774197,1.659628099994734
2025,19,United States Grand Prix,TyreLife_std5,-0.00035643615439691817,0.00020841091852427286,1.089366031774197,1.659628099994734
2025,19,United States Grand Prix,TyreLife_trend5,0.0014641772869465146,0.00029038883305513945,1.089366031774197,1.659628099994734
2025,19,United States Grand Prix,GapToLeaderSeconds_mean5,-8.56789945706075e-05,0.000652943756548313,1.089366031774197,1.659628099994734
2025,19,United States Grand Prix,GapToLeaderSeconds_std5,0.008068598363641636,0.0028824215235785807,1.089366031774197,1.659628099994734
2025,19,United States Grand Prix,GapToLeaderSeconds_trend5,0.00017030784199656424,0.0010730743220669229,1.089366031774197,1.659628099994734
2025,19,United States Grand Prix,GapToCarAheadSeconds_mean5,-0.0010847825662023691,0.0038723152443382197,1.089366031774197,1.659628099994734
2025,19,United States Grand Prix,GapToCarAheadSeconds_std5,0.003467861966534406,0.0020091276637793963,1.089366031774197,1.659628099994734
2025,19,United States Grand Prix,GapToCarAheadSeconds_trend5,-0.00995225116496338,0.002468722528679524,1.089366031774197,1.659628099994734
2025,19,United States Grand Prix,PaceToFieldSeconds_mean5,-0.006026459114012006,0.0008579224194935903,1.089366031774197,1.659628099994734
2025,19,United States Grand Prix,PaceToFieldSeconds_std5,-0.0021419732046167685,0.0005625955805966974,1.089366031774197,1.659628099994734
2025,19,United States Grand Prix,PaceToFieldSeconds_trend5,0.001169075397192613,0.0015415993745357686,1.089366031774197,1.659628099994734
2025,19,United States Grand Prix,PaceToTeammateSeconds_mean5,0.001296799194167475,0.0014517527222042029,1.089366031774197,1.659628099994734
2025,19,United States Grand Prix,PaceToTeammateSeconds_std5,0.0027680280043057928,0.0013918739701658078,1.089366031774197,1.659628099994734
2025,19,United States Grand Prix,PaceToTeammateSeconds_trend5,0.0015677371300582,0.0009752705072488795,1.089366031774197,1.659628099994734
2025,19,United States Grand Prix,TrackTemp_mean5,0.0,0.0,1.089366031774197,1.659628099994734
2025,19,United States Grand Prix,TrackTemp_std5,0.0001960836262786536,0.00018250217180889051,1.089366031774197,1.659628099994734
2025,19,United States Grand Prix,TrackTemp_trend5,0.0005794637946633004,0.00048548432930936136,1.089366031774197,1.659628099994734
2026,11,Hungarian Grand Prix,DriverNumber,0.003946016267583841,0.004053227934570963,0.8934643486951165,1.733349799993448
2026,11,Hungarian Grand Prix,Driver,0.001999934020991264,0.001683654651990207,0.8934643486951165,1.733349799993448
2026,11,Hungarian Grand Prix,Team,0.0050365671811556005,0.007888237093886826,0.8934643486951165,1.733349799993448
2026,11,Hungarian Grand Prix,Circuit,0.0,0.0,0.8934643486951165,1.733349799993448
2026,11,Hungarian Grand Prix,Country,0.0,0.0,0.8934643486951165,1.733349799993448
2026,11,Hungarian Grand Prix,EventFormat,0.0,0.0,0.8934643486951165,1.733349799993448
2026,11,Hungarian Grand Prix,LapNumber,0.002162228793089397,0.000672817779421544,0.8934643486951165,1.733349799993448
2026,11,Hungarian Grand Prix,TotalRaceLaps,0.0,0.0,0.8934643486951165,1.733349799993448
2026,11,Hungarian Grand Prix,RaceProgress,0.001874990835538733,0.004238515100420171,0.8934643486951165,1.733349799993448
2026,11,Hungarian Grand Prix,Position,0.2589553020260634,0.025673848938687377,0.8934643486951165,1.733349799993448
2026,11,Hungarian Grand Prix,GridPosition,0.0003120376302797971,0.0005180872046168085,0.8934643486951165,1.733349799993448
2026,11,Hungarian Grand Prix,QualifyingPosition,0.0017196682404878594,0.005508624684941418,0.8934643486951165,1.733349799993448
2026,11,Hungarian Grand Prix,QualifyingDeltaToPoleSeconds,0.002811730107303808,0.0009404734022551329,0.8934643486951165,1.733349799993448
2026,11,Hungarian Grand Prix,DriverSeasonAvgFinish,0.0018317060919508983,0.0006600677275770887,0.8934643486951165,1.733349799993448
2026,11,Hungarian Grand Prix,DriverSeasonMedianFinish,0.00556700010920963,0.0038033371474850033,0.8934643486951165,1.733349799993448
2026,11,Hungarian Grand Prix,DriverRecent3AvgFinish,0.00042210466865588714,0.0005502943252228815,0.8934643486951165,1.733349799993448
2026,11,Hungarian Grand Prix,DriverSeasonBestFinish,1.4023380484988005e-05,0.0012645598655471823,0.8934643486951165,1.733349799993448
2026,11,Hungarian Grand Prix,DriverSeasonDNFRate,-0.00010076543452045932,0.0002099632142870565,0.8934643486951165,1.733349799993448
2026,11,Hungarian Grand Prix,DriverSeasonAvgPositionGain,0.0026656487948557204,0.001922037261617575,0.8934643486951165,1.733349799993448
2026,11,Hungarian Grand Prix,DriverCircuitAvgFinish,-0.00023797788533271488,0.0004865206194260994,0.8934643486951165,1.733349799993448
2026,11,Hungarian Grand Prix,DriverCircuitLastFinish,0.00029863516866276046,0.0005344048485336666,0.8934643486951165,1.733349799993448
2026,11,Hungarian Grand Prix,DriverCircuitBestFinish,0.00239663011163882,0.0005627081511827008,0.8934643486951165,1.733349799993448
2026,11,Hungarian Grand Prix,DriverCircuitAvgPositionGain,-0.0004981476792006445,0.00040649010448817204,0.8934643486951165,1.733349799993448
2026,11,Hungarian Grand Prix,DriverCircuitAvgQualifyingPosition,0.0006173298926643497,0.0012129523372461908,0.8934643486951165,1.733349799993448
2026,11,Hungarian Grand Prix,DriverCircuitStarts,0.0011016368849306641,0.0003646173134495289,0.8934643486951165,1.733349799993448
2026,11,Hungarian Grand Prix,TeamSeasonAvgFinish,0.002071591656175172,0.0040608849461443546,0.8934643486951165,1.733349799993448
2026,11,Hungarian Grand Prix,TeamRecent3AvgFinish,2.945784724387816e-05,0.0011379289389794908,0.8934643486951165,1.733349799993448
2026,11,Hungarian Grand Prix,TeamSeasonDNFRate,0.0004013934947797078,0.00011004467551716882,0.8934643486951165,1.733349799993448
2026,11,Hungarian Grand Prix,TeamCircuitAvgFinish,-5.146306581142272e-06,0.0003742952843971214,0.8934643486951165,1.733349799993448
2026,11,Hungarian Grand Prix,TeamCircuitAvgQualifyingPosition,0.0029152661204040475,0.00041902415586348357,0.8934643486951165,1.733349799993448
2026,11,Hungarian Grand Prix,Stint,0.008857248449192334,0.004119547056407519,0.8934643486951165,1.733349799993448
2026,11,Hungarian Grand Prix,Compound,0.0174140250129432,0.0011616005599109015,0.8934643486951165,1.733349799993448
2026,11,Hungarian Grand Prix,FreshTyre,-1.3335031223064378e-05,8.989838366060018e-05,0.8934643486951165,1.733349799993448
2026,11,Hungarian Grand Prix,TyreLife,0.0436866444429879,0.007380550006962459,0.8934643486951165,1.733349799993448
2026,11,Hungarian Grand Prix,TrackStatus,-0.0017877062825910617,0.00046637646718079037,0.8934643486951165,1.733349799993448
2026,11,Hungarian Grand Prix,PitThisLap,0.008658307962522538,0.004086462196617303,0.8934643486951165,1.733349799993448
2026,11,Hungarian Grand Prix,SafetyCarThisLap,0.0,0.0,0.8934643486951165,1.733349799993448
2026,11,Hungarian Grand Prix,PitLapsLast5,0.0,0.0,0.8934643486951165,1.733349799993448
2026,11,Hungarian Grand Prix,SafetyCarLapsLast5,0.0,0.0,0.8934643486951165,1.733349799993448
2026,11,Hungarian Grand Prix,CompoundChangedLast5,0.0,0.0,0.8934643486951165,1.733349799993448
2026,11,Hungarian Grand Prix,LapTimeSeconds_lag0,-0.0003302487033683965,0.0007266923116847952,0.8934643486951165,1.733349799993448
2026,11,Hungarian Grand Prix,LapTimeSeconds_lag1,0.0,0.0,0.8934643486951165,1.733349799993448
2026,11,Hungarian Grand Prix,LapTimeSeconds_lag2,-0.00033146527105720747,0.00035020617075656713,0.8934643486951165,1.733349799993448
2026,11,Hungarian Grand Prix,LapTimeSeconds_lag3,0.0,0.0,0.8934643486951165,1.733349799993448
2026,11,Hungarian Grand Prix,LapTimeSeconds_lag4,0.0,0.0,0.8934643486951165,1.733349799993448
2026,11,Hungarian Grand Prix,Sector1Seconds_lag0,0.00010035202774612746,0.0002784801034741394,0.8934643486951165,1.733349799993448
2026,11,Hungarian Grand Prix,Sector1Seconds_lag1,0.0,0.0,0.8934643486951165,1.733349799993448
2026,11,Hungarian Grand Prix,Sector1Seconds_lag2,0.0,0.0,0.8934643486951165,1.733349799993448
2026,11,Hungarian Grand Prix,Sector1Seconds_lag3,0.0,0.0,0.8934643486951165,1.733349799993448
2026,11,Hungarian Grand Prix,Sector1Seconds_lag4,0.0003955071885148505,0.00013051210100059867,0.8934643486951165,1.733349799993448
2026,11,Hungarian Grand Prix,Sector2Seconds_lag0,0.0,0.0,0.8934643486951165,1.733349799993448
2026,11,Hungarian Grand Prix,Sector2Seconds_lag1,0.0,0.0,0.8934643486951165,1.733349799993448
2026,11,Hungarian Grand Prix,Sector2Seconds_lag2,-0.0002452614963053268,0.00017342606720145595,0.8934643486951165,1.733349799993448
2026,11,Hungarian Grand Prix,Sector2Seconds_lag3,0.0,0.0,0.8934643486951165,1.733349799993448
2026,11,Hungarian Grand Prix,Sector2Seconds_lag4,0.0,0.0,0.8934643486951165,1.733349799993448
2026,11,Hungarian Grand Prix,Sector3Seconds_lag0,0.0,0.0,0.8934643486951165,1.733349799993448
2026,11,Hungarian Grand Prix,Sector3Seconds_lag1,0.00022310959109287745,0.00031552460961906283,0.8934643486951165,1.733349799993448
2026,11,Hungarian Grand Prix,Sector3Seconds_lag2,0.00012805430074869228,7.866324347373797e-05,0.8934643486951165,1.733349799993448
2026,11,Hungarian Grand Prix,Sector3Seconds_lag3,0.0,0.0,0.8934643486951165,1.733349799993448
2026,11,Hungarian Grand Prix,Sector3Seconds_lag4,0.0,0.0,0.8934643486951165,1.733349799993448
2026,11,Hungarian Grand Prix,Position_lag0,0.0,0.0,0.8934643486951165,1.733349799993448
2026,11,Hungarian Grand Prix,Position_lag1,0.00812854128245851,0.007065615786610073,0.8934643486951165,1.733349799993448
2026,11,Hungarian Grand Prix,Position_lag2,-0.00021503638940260453,0.002071629415427235,0.8934643486951165,1.733349799993448
2026,11,Hungarian Grand Prix,Position_lag3,0.004765889197764772,0.0027457652337533078,0.8934643486951165,1.733349799993448
2026,11,Hungarian Grand Prix,Position_lag4,-0.00243717142969239,0.00017826172503983818,0.8934643486951165,1.733349799993448
2026,11,Hungarian Grand Prix,TyreLife_lag0,0.0,0.0,0.8934643486951165,1.733349799993448
2026,11,Hungarian Grand Prix,TyreLife_lag1,0.00029763236570845564,0.00032822775367815846,0.8934643486951165,1.733349799993448
2026,11,Hungarian Grand Prix,TyreLife_lag2,0.0006912719976609102,2.8048446990641684e-05,0.8934643486951165,1.733349799993448
2026,11,Hungarian Grand Prix,TyreLife_lag3,0.0005065863254718103,0.0005430735256844801,0.8934643486951165,1.733349799993448
2026,11,Hungarian Grand Prix,TyreLife_lag4,0.00011047556841362975,0.0003074047260630994,0.8934643486951165,1.733349799993448
2026,11,Hungarian Grand Prix,DRSActivePct_lag0,0.0,0.0,0.8934643486951165,1.733349799993448
2026,11,Hungarian Grand Prix,DRSActivePct_lag1,0.0,0.0,0.8934643486951165,1.733349799993448
2026,11,Hungarian Grand Prix,DRSActivePct_lag2,0.0,0.0,0.8934643486951165,1.733349799993448
2026,11,Hungarian Grand Prix,DRSActivePct_lag3,0.0,0.0,0.8934643486951165,1.733349799993448
2026,11,Hungarian Grand Prix,DRSActivePct_lag4,0.0,0.0,0.8934643486951165,1.733349799993448
2026,11,Hungarian Grand Prix,GapToLeaderSeconds_lag0,0.004325577732972115,0.0025422958388799212,0.8934643486951165,1.733349799993448
2026,11,Hungarian Grand Prix,GapToLeaderSeconds_lag1,0.0004555944434923391,0.000636200351136907,0.8934643486951165,1.733349799993448
2026,11,Hungarian Grand Prix,GapToLeaderSeconds_lag2,-0.0007667699176834297,0.0014542873793020122,0.8934643486951165,1.733349799993448
2026,11,Hungarian Grand Prix,GapToLeaderSeconds_lag3,-0.0005180011099194711,0.0013363479880201966,0.8934643486951165,1.733349799993448
2026,11,Hungarian Grand Prix,GapToLeaderSeconds_lag4,0.0010053983106859492,0.0003978611625252845,0.8934643486951165,1.733349799993448
2026,11,Hungarian Grand Prix,GapToCarAheadSeconds_lag0,0.07176457293241771,0.008822456668694783,0.8934643486951165,1.733349799993448
2026,11,Hungarian Grand Prix,GapToCarAheadSeconds_lag1,-0.0017840765972424826,0.0013587250693691572,0.8934643486951165,1.733349799993448
2026,11,Hungarian Grand Prix,GapToCarAheadSeconds_lag2,0.00046225365384030176,0.0004915416062528102,0.8934643486951165,1.733349799993448
2026,11,Hungarian Grand Prix,GapToCarAheadSeconds_lag3,-0.0015465101004881558,0.0005975024508319565,0.8934643486951165,1.733349799993448
2026,11,Hungarian Grand Prix,GapToCarAheadSeconds_lag4,0.002047802235078685,0.002721756629440359,0.8934643486951165,1.733349799993448
2026,11,Hungarian Grand Prix,GapToCarBehindSeconds_lag0,0.07018889600562606,0.0166788298853245,0.8934643486951165,1.733349799993448
2026,11,Hungarian Grand Prix,GapToCarBehindSeconds_lag1,-0.0013964623273565364,0.001877657159313766,0.8934643486951165,1.733349799993448
2026,11,Hungarian Grand Prix,GapToCarBehindSeconds_lag2,-0.004851582778177432,0.002061183765115988,0.8934643486951165,1.733349799993448
2026,11,Hungarian Grand Prix,GapToCarBehindSeconds_lag3,0.001491500702808235,0.0007083416429199235,0.8934643486951165,1.733349799993448
2026,11,Hungarian Grand Prix,GapToCarBehindSeconds_lag4,0.0020340993426556744,0.000917474486961856,0.8934643486951165,1.733349799993448
2026,11,Hungarian Grand Prix,PaceToFieldSeconds_lag0,0.03333600539564122,0.025536951020786732,0.8934643486951165,1.733349799993448
2026,11,Hungarian Grand Prix,PaceToFieldSeconds_lag1,-0.0038768205962747735,0.00601295461140336,0.8934643486951165,1.733349799993448
2026,11,Hungarian Grand Prix,PaceToFieldSeconds_lag2,-0.0009966745126317456,0.0031988170067509428,0.8934643486951165,1.733349799993448
2026,11,Hungarian Grand Prix,PaceToFieldSeconds_lag3,0.0025213694018500674,0.00562483970075582,0.8934643486951165,1.733349799993448
2026,11,Hungarian Grand Prix,PaceToFieldSeconds_lag4,0.0025707997837650653,0.0025933884501024187,0.8934643486951165,1.733349799993448
2026,11,Hungarian Grand Prix,PaceToTeammateSeconds_lag0,-0.0025440730117773183,0.0007757130717275039,0.8934643486951165,1.733349799993448
2026,11,Hungarian Grand Prix,PaceToTeammateSeconds_lag1,-0.0005001428257950247,0.0030662925079300665,0.8934643486951165,1.733349799993448
2026,11,Hungarian Grand Prix,PaceToTeammateSeconds_lag2,-0.0009764847724619644,0.0008683165967758911,0.8934643486951165,1.733349799993448
2026,11,Hungarian Grand Prix,PaceToTeammateSeconds_lag3,0.0004660431894786636,0.0008053582342050054,0.8934643486951165,1.733349799993448
2026,11,Hungarian Grand Prix,PaceToTeammateSeconds_lag4,-1.0652125586300501e-05,0.0006476067861158044,0.8934643486951165,1.733349799993448
2026,11,Hungarian Grand Prix,AirTemp_lag0,0.0,0.0,0.8934643486951165,1.733349799993448
2026,11,Hungarian Grand Prix,AirTemp_lag1,0.0,0.0,0.8934643486951165,1.733349799993448
2026,11,Hungarian Grand Prix,AirTemp_lag2,0.0,0.0,0.8934643486951165,1.733349799993448
2026,11,Hungarian Grand Prix,AirTemp_lag3,0.0,0.0,0.8934643486951165,1.733349799993448
2026,11,Hungarian Grand Prix,AirTemp_lag4,0.0,0.0,0.8934643486951165,1.733349799993448
2026,11,Hungarian Grand Prix,TrackTemp_lag0,0.0,0.0,0.8934643486951165,1.733349799993448
2026,11,Hungarian Grand Prix,TrackTemp_lag1,0.0,0.0,0.8934643486951165,1.733349799993448
2026,11,Hungarian Grand Prix,TrackTemp_lag2,0.0,0.0,0.8934643486951165,1.733349799993448
2026,11,Hungarian Grand Prix,TrackTemp_lag3,0.0,0.0,0.8934643486951165,1.733349799993448
2026,11,Hungarian Grand Prix,TrackTemp_lag4,0.0,0.0,0.8934643486951165,1.733349799993448
2026,11,Hungarian Grand Prix,Rainfall_lag0,0.0,0.0,0.8934643486951165,1.733349799993448
2026,11,Hungarian Grand Prix,Rainfall_lag1,0.0,0.0,0.8934643486951165,1.733349799993448
2026,11,Hungarian Grand Prix,Rainfall_lag2,0.0,0.0,0.8934643486951165,1.733349799993448
2026,11,Hungarian Grand Prix,Rainfall_lag3,0.0,0.0,0.8934643486951165,1.733349799993448
2026,11,Hungarian Grand Prix,Rainfall_lag4,0.0,0.0,0.8934643486951165,1.733349799993448
2026,11,Hungarian Grand Prix,LapTimeSeconds_mean5,0.0,0.0,0.8934643486951165,1.733349799993448
2026,11,Hungarian Grand Prix,LapTimeSeconds_std5,-0.003772495551000047,0.0030344264070549737,0.8934643486951165,1.733349799993448
2026,11,Hungarian Grand Prix,LapTimeSeconds_trend5,0.0019984233683958776,0.0004751125239300473,0.8934643486951165,1.733349799993448
2026,11,Hungarian Grand Prix,Sector1Seconds_mean5,-0.00038808335788435383,6.3123224800158e-05,0.8934643486951165,1.733349799993448
2026,11,Hungarian Grand Prix,Sector1Seconds_std5,0.003159364546157691,0.002074412279728131,0.8934643486951165,1.733349799993448
2026,11,Hungarian Grand Prix,Sector1Seconds_trend5,0.001291779608042017,0.001776056201625161,0.8934643486951165,1.733349799993448
2026,11,Hungarian Grand Prix,Sector2Seconds_mean5,0.0,0.0,0.8934643486951165,1.733349799993448
2026,11,Hungarian Grand Prix,Sector2Seconds_std5,0.00031880231149883365,0.0005891727773980457,0.8934643486951165,1.733349799993448
2026,11,Hungarian Grand Prix,Sector2Seconds_trend5,0.0005063724484791754,0.0006668119246875541,0.8934643486951165,1.733349799993448
2026,11,Hungarian Grand Prix,Sector3Seconds_mean5,8.177262354006991e-05,0.00011564395324119625,0.8934643486951165,1.733349799993448
2026,11,Hungarian Grand Prix,Sector3Seconds_std5,-0.00023583091701565953,0.00026667640148264247,0.8934643486951165,1.733349799993448
2026,11,Hungarian Grand Prix,Sector3Seconds_trend5,-0.0018355168163823505,0.00015647180938339398,0.8934643486951165,1.733349799993448
2026,11,Hungarian Grand Prix,Position_mean5,0.0020007168932679362,0.003826095005581453,0.8934643486951165,1.733349799993448
2026,11,Hungarian Grand Prix,Position_std5,0.008568066909922215,0.008791459180799252,0.8934643486951165,1.733349799993448
2026,11,Hungarian Grand Prix,Position_trend5,0.009424502451760223,0.0035841403865285505,0.8934643486951165,1.733349799993448
2026,11,Hungarian Grand Prix,TyreLife_mean5,0.00034424441591111393,0.0005517261334015164,0.8934643486951165,1.733349799993448
2026,11,Hungarian Grand Prix,TyreLife_std5,-0.0015001334729861278,0.0006265976159115376,0.8934643486951165,1.733349799993448
2026,11,Hungarian Grand Prix,TyreLife_trend5,-0.00034522916721964797,0.0005824898872047217,0.8934643486951165,1.733349799993448
2026,11,Hungarian Grand Prix,GapToLeaderSeconds_mean5,0.00014787015530481895,0.0006223776058419796,0.8934643486951165,1.733349799993448
2026,11,Hungarian Grand Prix,GapToLeaderSeconds_std5,0.0008995147297660896,0.0006876929156409931,0.8934643486951165,1.733349799993448
2026,11,Hungarian Grand Prix,GapToLeaderSeconds_trend5,-2.805572951358748e-05,0.00028156948637619183,0.8934643486951165,1.733349799993448
2026,11,Hungarian Grand Prix,GapToCarAheadSeconds_mean5,0.0012976117652576669,0.0007721811464326047,0.8934643486951165,1.733349799993448
2026,11,Hungarian Grand Prix,GapToCarAheadSeconds_std5,0.004461405744027758,0.0015691235409951705,0.8934643486951165,1.733349799993448
2026,11,Hungarian Grand Prix,GapToCarAheadSeconds_trend5,0.004730339338242,0.0031990339684031775,0.8934643486951165,1.733349799993448
2026,11,Hungarian Grand Prix,PaceToFieldSeconds_mean5,0.0022875378941675426,0.0016719754936730792,0.8934643486951165,1.733349799993448
2026,11,Hungarian Grand Prix,PaceToFieldSeconds_std5,0.0004878510640755988,0.0015155028986741886,0.8934643486951165,1.733349799993448
2026,11,Hungarian Grand Prix,PaceToFieldSeconds_trend5,0.0008414085492857529,0.0006529307788001855,0.8934643486951165,1.733349799993448
2026,11,Hungarian Grand Prix,PaceToTeammateSeconds_mean5,0.002170990465343118,0.0018152164839435809,0.8934643486951165,1.733349799993448
2026,11,Hungarian Grand Prix,PaceToTeammateSeconds_std5,0.0004919138439229975,0.00018614281421563362,0.8934643486951165,1.733349799993448
2026,11,Hungarian Grand Prix,PaceToTeammateSeconds_trend5,0.0002881203847701075,0.0002535412599815024,0.8934643486951165,1.733349799993448
2026,11,Hungarian Grand Prix,TrackTemp_mean5,-0.0004077404329037397,0.00026582606163423037,0.8934643486951165,1.733349799993448
2026,11,Hungarian Grand Prix,TrackTemp_std5,9.620000419008345e-05,0.0003634165391376725,0.8934643486951165,1.733349799993448
2026,11,Hungarian Grand Prix,TrackTemp_trend5,0.0005700986097031772,0.0007146446724356623,0.8934643486951165,1.733349799993448
